File_Name,date,party_A,party B,TC_currency,TC_Bespoke,calulation_agent,CA_fallback_default_dispute,CA_dispute_resolution ,RD_method_party_A,RD_party_A_short_term_debt_classification,RD_party_A_moody_short_term_trigger_method,RD_party_A_moody_short_term_threshold,RD_party_A_SnP_short_term_trigger_method,RD_party_A_SnP_short_term_threshold,RD_party_A_Fitch_short_term_trigger_method,RD_party_A_Fitch_short_term_threshold,RD_party_A_long_term_debt_classification,RD_party_A_moody_long_term_trigger_method,RD_party_A_moody_long_term_threshold,RD_party_A_SnP_long_term_trigger_method,RD_party_A_SnP_long_term_threshold,RD_party_A_Fitch_long_term_trigger_method,RD_party_A_Fitch_long_term_threshold,Cross_default_threshold_type,Cross_default_percentage/amount,Cross_default_measure,multibranch_party_A,multibranch_party_B,governing law
1_bk,20170515,Capital Services INC.,Societe Generale,USD,NotFound,Party A,NotFound,No,1,NotFound,NotFound,NotFound,NotFound,NotFound,NotFound,NotFound,Senior Unsecured;Unsubordinated,below,Baa3,below,BBB-,NotFound,NotFound,Percentage formula,3,Shareholder's Equity,Chicago,worldwide,Laws of the state of New York
3_bk,20020731,SOCIETE GENERALE,NAV INDIA MASK LTD,USD,NotFound,Party A,NotFound,No,1,unsecured,below,P-2,below,A1,NotFound,NotFound,unsecured,below,A1,below,AA-,NotFound,NotFound,Fixed Amount,10000000,NotFound,worldwide,No,English law
4_bk,20021212,SOCIETE GENEBALE,AVENGERS INTERNATIONAL LIMITED,USD,To be selected by the Non-defaulting party or non-affected party,Party A,NotFound,No,1,senior unsecured;unsubordinated,below,P-1,below,A1+,below,F1,unsecured;Unsubordinated,below,Baa3,below,BBB,below,BBB-,Fixed Amount,10000000,NotFound,Paris France,No,Laws of the state of New York
8_bk,20011104,TXN FUNDS LIMITED,SOCIETE GENERALE ,GBP ,NotFound,Party B,NotFound,No,1,Unsecured,below,P-1,below,A1,NotFound,NotFound,Unsecured,below,A2,below,AA-,NotFound,NotFound,Percentage Formula,3,Shareholder's Equity,No,No,English law
12_bk,20030303,HARVEY SPECTER AND LITT ASSOCIATES OF NEW YORK,SOCIETE GENERALE,EUR,To be selected by the Non-defaulting party or non-affected party,Party B,NotFound,No,1,NotFound,NotFound,NotFound,NotFound,NotFound,NotFound,NotFound,senior unsecured;Unsubordinated,below,Ba1,below,BB+,NotFound,NotFound,Percentage Formula,3,Net Asset Value,No, Paris;London;New York;Tokyo;Singapore;Hong Kong;Frankfurt,English law
13_bk,20031117,SOCIETE GENERALE,WUNDERBAR ASSOCIATES,EUR,NotFound,Party A,NotFound,No,3,unsecured;unsubordinated,below,P-1,below,A-1+,below,B,unsecured;Unsubordinated,below,Baa3,below,BBB,below,BBB+,The greater of a fixed amount or a Percentage formula,40000000,Shareholder's Equity,London;Frankfurt;New York;Paris,No,Laws of England
17_bk,20030917,SOCIETE GENERALE,ONGC - Oil & Natural gas Corporation,USD,To be selected by the Non-defaulting party or non-affected party,Party A,NotFound,No,1,NotFound,NotFound,NotFound,NotFound,NotFound,NotFound,NotFound,unsecured;Unsubordinated,below,Baa3,below,BBB,below,BBB+,Fixed Amount,10000000,NotFound,worldwide,No,English law
19_bk,20040602,SOCIETE GENERALE,SUPERMAN INDUSTRIES,USD,To be selected by the Non-defaulting party or non-affected party,Party A, third party in case of default,Yes,1,NotFound,NotFound,NotFound,NotFound,NotFound,NotFound,NotFound,unsecured;Unsubordinated,below,Baa3,below,BBB,below,BBB+,Equal to a fixed amount or a Percentage formula,3,Shareholder's Equity,Paris;London;New York;Hong Kong;Tokyo;Singapore,No,Laws of England
22_bk,20030314,SOCIETE GENERALE,Coal India,AUD,To be selected by the Non-defaulting party or non-affected party,Party A,NotFound,No,1,NotFound,NotFound,NotFound,NotFound,NotFound,NotFound,NotFound,senior unsecured;Unsubordinated,below,Ba1,below,BB+,NotFound,NotFound,NotFound,NotFound,NotFound,No,No,Laws of New South Wales
23_bk,20040630,SOCIETE GENERALE,East North Interconnection Company,USD,NotFound,Party A,NotFound,No,1,unsecured;unsubordinated,below,P-1,below,A-1,NotFound,NotFound,NotFound,NotFound,NotFound,NotFound,NotFound,NotFound,NotFound,Fixed Amount,50000000,NotFound,worldwide,No,Laws of the state of New York
52_bk,20070628,SOCIETE GENERALE,BANK OF VADARA,USD,NotFound,Party A,NotFound,No,1,NotFound,NotFound,NotFound,NotFound,NotFound,NotFound,NotFound,unsecured;Unsubordinated,below,Baa3,below,BBB,below,BBB+,Fixed Amount,1000000,NotFound,Worldwide,No,English Law
53_bk,20050930,SOCIETE GENERALE,BANK OF VADARA,USD,To be selected by the Non-defaulting party or non-affected party,Party A,NotFound,No,1,NotFound,NotFound,NotFound,NotFound,NotFound,NotFound,NotFound,unsecured;Unsubordinated,below,Baa3,below,BBB-,NotFound,NotFound,Fixed Amount,10000000,NotFound,Worldwide,No,Laws of the state of New York
57_bk,19950717,SOCIETE GENERALE,Pasala Industries,USD,To be selected by the Non-defaulting party or non-affected party,Party A,NotFound,no,1,Unsecured,below,P-1,below,A1,NotFound,NotFound,Unsecured,below,A2,below,AA-,NotFound,NotFound,Fixed Amount,10000000,NotFound,Worldwide,Mongolia  ,English Law
59_bk,19950519,SOCIETE GENERALE,Company ABC,USD,To be selected by the Non-defaulting party or non-affected party,Party A,NotFound,no,1,NotFound,NotFound,NotFound,NotFound,NotFound,NotFound,NotFound,unsecured;Unsubordinated,below,Baa3,below,BBB,below,BBB+,Fixed Amount,10000000,NotFound,Paris;New York;London;Tokyo,NotFound,English Law
60_bk,19950126,SOCIETE GENERALE,Company ABC,USD,To be selected by the Non-defaulting party or non-affected party,Party A,NotFound,no,1,unsecured;unsubordinated,below,P-1,below,A-1,NotFound,NotFound,NotFound,NotFound,NotFound,NotFound,NotFound,NotFound,NotFound,Fixed Amount,10000000,NotFound,Worldwide,NotFound,English Law
62_bk,19950721,SOCIETE GENERALE,Company ABC,USD,To be selected by the Non-defaulting party or non-affected party,Party A,NotFound,no,1,senior unsecured;unsubordinated,below,P-1,below,A-1+,below,F1,unsecured;Unsubordinated,below,Baa3,below,BBB,below,BBB-,Fixed Amount,25000000,NotFound,London,NotFound,English Law
64_bk,19950515,SOCIETE GENERALE,Company ABC,USD,To be selected by the Non-defaulting party or non-affected party,Party A,NotFound,no,3,NotFound,NotFound,NotFound,NotFound,NotFound,NotFound,NotFound,Senior Unsecured,at,A3,at,A-,at,F1,Fixed Amount,10000000,NotFound,Worldwide,NotFound,Laws of the State of New York
67_bk,20181204,SOCIETE GENERALE,Mythri Film Chamber,USD,NotFound,Party A,non defaulting party in case of default;third party in case of default ,yes,NotFound,NotFound,NotFound,NotFound,NotFound,NotFound,NotFound,NotFound,Senior unsecured,at,A3,at,A-,NotFound,NotFound,Fixed Amount,50000000,NotFound,Singapore,NotFound,English Law
69_bk,20160610,SOCIETE GENERALE  NewYork Branch,Society Society,USD,NotFound,Party A,NotFound,no,1,unsecured,below,P-1,below,A1,NotFound,NotFound,unsecured,below,A2,below,AA-,NotFound,NotFound,NotFound,NotFound,NotFound,NotFound,NotFound,Laws of the State of New York
70_bk,19970702,Society Society,SOCIETE GENERALE,USD,NotFound,other,NotFound,no,3,NotFound,NotFound,NotFound,NotFound,NotFound,NotFound,NotFound,Senior Unsecured,below,A3,below,A-,below,F1,Fixed Amount,20000000,NotFound,NotFound,NotFound,English Law
71_bk,19980806,SOCIETE GENERALE,Globex Corporation,USD,NotFound,Party A,non defaulting party in case of default,no,1,unsecured;unsubordinated,below,P-1,below,A-1,NotFound,NotFound,NotFound,NotFound,NotFound,NotFound,NotFound,NotFound,NotFound,Fixed Amount,10000000,NotFound,New York ,NotFound,Laws of the State of New York
72_bk,19971125,SOCIETE GENERALE,Umbrella Corporation,USD,To be selected by the Non-defaulting party or non-affected party,Party A,NotFound,no,1,senior unsecured;unsubordinated,below,P-1,below,A-1+,below,F1,unsecured;Unsubordinated,below,Baa3,below,BBB,below,BBB-,Fixed Amount,10000000,NotFound,Worldwide,NotFound,English Law
76_bk,19990224,SOCIETE GENERALE,Nicolas-Ernsner Finance Company Limited,USD,To be selected by the Non-defaulting party or non-affected party,Party A,NotFound,no,3,unsecured;unsubordinated,below,P-1,below,A-1+,below,B,unsecured;Unsubordinated,below,Baa3,below,BBB,below,BBB+,Fixed Amount,10000000,NotFound,Worldwide,NotFound,English Law
77_bk,19990704,SOCIETE GENERALE,Initech Securities Limited,USD,To be selected by the Non-defaulting party or non-affected party,Party A,NotFound,no,1,NotFound,NotFound,NotFound,NotFound,NotFound,NotFound,NotFound,unsecured;Unsubordinated,below,Baa3,below,BBB,below,BBB+,Fixed Amount,10000000,NotFound,Worldwide,NotFound,English Law
79_bk,19990427,SOCIETE GENERALE,Initech International Limited,USD,To be selected by the Non-defaulting party or non-affected party,Party A,NotFound,no,1,Unsecured,below,P-1,below,A1,NotFound,NotFound,Unsecured,below,A2,below,AA-,NotFound,NotFound,Fixed Amount,25000000,NotFound,Paris;London,NotFound,English Law
80_bk,19991103,SOCIETE GENERALE,Umbrella International Limited,USD,To be selected by the Non-defaulting party or non-affected party,Party A,NotFound,no,1,unsecured;unsubordinated,below,P-1,below,A-1,NotFound,NotFound,NotFound,NotFound,NotFound,NotFound,NotFound,NotFound,NotFound,Fixed Amount,10000000,NotFound,Worldwide,NotFound,English Law
81_bk,19990322,SOCIETE GENERALE,VEHEMENT Capital,USD,To be selected by the Non-defaulting party or non-affected party,Party A,NotFound,no,3,NotFound,NotFound,NotFound,NotFound,NotFound,NotFound,NotFound,Senior Unsecured,below,A3,below,A-,below,F1,Fixed Amount,10000000,NotFound,Worldwide,NotFound,English Law
85_bk,19990917,SOCIETE GENERALE,Globex Corporation,USD,To be selected by the Non-defaulting party or non-affected party,Party A,NotFound,no,1,senior unsecured;unsubordinated,below,P-1,below,A-1+,below,F1,unsecured;Unsubordinated,below,Baa3,below,BBB,below,BBB-,Fixed Amount,10000000,NotFound,Worldwide,NotFound,English Law
86_bk,19991202,SOCIETE GENERALE,Ernsner Financial Company,USD,To be selected by the Non-defaulting party or non-affected party,Party A,NotFound,no,3,unsecured;unsubordinated,below,P-1,below,A-1+,below,B,unsecured;Unsubordinated,below,Baa3,below,BBB,below,BBB+,Fixed Amount,10000000,NotFound,Worldwide,NotFound,English Law
87_bk,19991227,SOCIETE GENERALE,VEHEMENT Capital,USD,To be selected by the Non-defaulting party or non-affected party,Party A,NotFound,no,3,NotFound,NotFound,NotFound,NotFound,NotFound,NotFound,NotFound,Senior Unsecured,below,A3,below,A-,below,F1,Fixed Amount,10000000,NotFound,Worldwide,NotFound,English Law
89_bk,19990911,SOCIETE GENERALE,Umbrella Insurance Limited,USD,NotFound,Party A,NotFound,no,2,NotFound,NotFound,NotFound,NotFound,NotFound,NotFound,NotFound,Unsecured;Subordinated,below,Baa1,Below,BBB+,NotFound,NotFound,Fixed Amount,10000000,NotFound,London;Paris;New York,NotFound,Laws of the State of New York
90_bk,20000703,SOCIETE GENERALE,ABC,USD,To be selected by the Non-defaulting party or non-affected party,Party A,NotFound,no,3,NotFound,NotFound,NotFound,NotFound,NotFound,NotFound,NotFound,Senior Unsecured,at,A3,at,A-,at,F1,Fixed Amount,10000000,NotFound,Worldwide,NotFound,English Law
91_bk,20000205,SOCIETE GENERALE,ABC,USD,To be selected by the Non-defaulting party or non-affected party,Party A,NotFound,no,1,Unsecured,below,P-1,below,A1,NotFound,NotFound,Unsecured,below,A2,below,AA-,NotFound,NotFound,Fixed Amount,10000000,NotFound,Worldwide,NotFound,English Law
92_bk,20001105,SOCIETE GENERALE,XXX Bank,USD,NotFound,Party A,non defaulting party in case of default,no,NotFound,NotFound,NotFound,NotFound,NotFound,NotFound,NotFound,NotFound,NotFound,NotFound,NotFound,NotFound,NotFound,NotFound,NotFound,Fixed Amount,10000000,NotFound,Worldwide,NotFound,Laws of the Hong Kong Special Administrative region of the People's Republic of China 
93_bk,20000307,SOCIETE GENERALE,AAAA Bank,USD,To be selected by the Non-defaulting party or non-affected party,Party A,NotFound,no,3,unsecured;unsubordinated,below,P-1,below,A-1+,below,B,unsecured;Unsubordinated,below,Baa3,below,BBB,below,BBB+,Fixed Amount,10000000,NotFound,Worldwide,NotFound,English Law
94_bk,20000703,SOCIETE GENERALE,XYZ Company,USD,To be selected by the Non-defaulting party or non-affected party,Party A,NotFound,no,1,senior unsecured;unsubordinated,below,P-1,below,A-1+,below,F1,unsecured;Unsubordinated,below,Baa3,below,BBB,below,BBB-,Fixed Amount,10000000,NotFound,Worldwide,NotFound,English Law
96_bk,19991110,SOCIETE GENERALE,Apple Company,USD,To be selected by the Non-defaulting party or non-affected party,Party A,NotFound,no,1,NotFound,NotFound,NotFound,NotFound,NotFound,NotFound,NotFound,senior unsecured;Unsubordinated,below,Ba1,below,BB+,NotFound,NotFound,Fixed Amount,10000000,NotFound,Worldwide,NotFound,English Law
1_sh,20040622,SOCIETE GENERALE,Pasala Industries,USD,To be selected by the Non-defaulting party or non-affected party,Party A,NotFound,No,1,NotFound,NotFound,NotFound,NotFound,NotFound,NotFound,NotFound,unsecured;Unsubordinated,below,Baa3,below,BBB,below,BBB+,Fixed Amount,50000000,NotFound,worldwide,No,Laws of the State of New York
5_sh,20040916,SOCIETE GENERALE,BANK OF ABC,USD,To be selected by the Non-defaulting party or non-affected party,Party A,NotFound,No,3,NotFound,NotFound,NotFound,NotFound,NotFound,NotFound,NotFound,Senior Unsecured,below,A3,below,A-,below,F1,Fixed Amount,10000000,NotFound,worldwide,Luxembourg,English law
6_sh,20041221,SOCIETE GENERALE,BANK OF ABC,USD,To be selected by the Non-defaulting party or non-affected party,Party A,NotFound,No,1,senior unsecured;unsubordinated,below,P-1,below,A-1+,below,F1,unsecured;Unsubordinated,below,Baa3,below,BBB,below,BBB-,Fixed Amount,10000000,NotFound,worldwide,No,English law
20_sh,20100601,SOCIETE GENERALE,HJGJH HJGJJKJHJK,USD,To be selected by the Non-defaulting party or non-affected party,Party A,substitution calculation agent in case of dispute,No,3,unsecured;unsubordinated,below,P-1,below,A-1+,below,B,unsecured;Unsubordinated,below,Baa3,below,BBB,below,BBB+,Percentage Formula,3,Shareholder's Equity,London;Montreal;New York;Sydney;Tokyo;Paris,No ,Laws of the State of New York
21_sh,20020315,SG AUSTRALIA LIMITED ,ABC ENRGY INC,USD,To be selected by the Non-defaulting party or non-affected party,Party A,NotFound,No,3,NotFound,NotFound,NotFound,NotFound,NotFound,NotFound,NotFound,Senior Unsecured,below,A3,below,A-,below,F1,Fixed Amount,20000000,NotFound,No,No,English law
22_sh,19980102,SOCIETE GENERALE,Workit Corporation LTD,USD,To be selected by the Non-defaulting party or non-affected party,Party A,NotFound,No,NotFound,NotFound,NotFound,NotFound,NotFound,NotFound,NotFound,NotFound,NotFound,NotFound,NotFound,NotFound,NotFound,NotFound,NotFound,Fixed Amount,20000000,NotFound,worldwide,No,English law
23_sh,20020913,SOCIETE GENERALE ,Wells Coffee Company,USD,To be selected by the Non-defaulting party or non-affected party,Party A,NotFound,No,1,NotFound,NotFound,NotFound,NotFound,NotFound,NotFound,NotFound,senior unsecured;Unsubordinated,below,Ba1,below,BB+,NotFound,NotFound,Fixed Amount,10000000,NotFound,worldwide,No,Laws of the State of New York
24_sh,20011219,SOCIETE GENERALE,Mernia Corporation INC,USD,NotFound,Party A,non defaulting party in case of default,No,1,Unsecured,below,P-1,below,A1,NotFound,NotFound,Unsecured,below,A2,below,AA-,NotFound,NotFound,NotFound,NotFound,NotFound,No,No,Laws of the State of New York
25_sh,20070504,SOCIETE GENERALE ,NNNNN PVT LTD,USD,NotFound,Party A,NotFound,No,1,unsecured;unsubordinated,below,P-1,below,A-1,NotFound,NotFound,NotFound,NotFound,NotFound,NotFound,NotFound,NotFound,NotFound,Fixed Amount,10000000,NotFound,worldwide,No,English law
27_sh,20070427,SOCIETE GENERALE ,New comp ltd,USD,NotFound,Party A,non defaulting party in case of default,No,1,NotFound,NotFound,NotFound,NotFound,NotFound,NotFound,NotFound,NotFound,below,Baa3,below,BBB-,below,BBB-,Percentage Formula,5,Shareholder's Equity,XXX,No,Laws of the State of New York
28_sh,20070530,SOCIETE GENERALE ,SMPL COMP LTD,USD,NotFound,Party A,NotFound,No,1,senior unsecured;unsubordinated,below,P-1,below,A-1+,below,F1,unsecured;Unsubordinated,below,Baa3,below,BBB,below,BBB-,Fixed Amount,10000000,NotFound,worldwide,No,English law
50_sh,20060913,Societe Generale,SIVANA PVT LTD,USD,NotFound,Party A,non defaulting party in case of default,No,NotFound,NotFound,NotFound,NotFound,NotFound,NotFound,NotFound,NotFound,NotFound,NotFound,NotFound,NotFound,NotFound,NotFound,NotFound,NotFound,NotFound,NotFound,No,No,Laws of the State of New York
52_sh,20160518,SOCIETE GENERALE ,Bank Of ABC,EUR,NotFound,Party A,NotFound,No,3,NotFound,NotFound,NotFound,NotFound,NotFound,NotFound,NotFound,Senior Unsecured,at,A3,at,A-,at,F1,Percentage Formula,3,Shareholder's Equity,worldwide,No,English law
53_sh,20160826,SOCIETE GENERALE ,Bank Of 123,EUR,NotFound,Party A,substitution calculation agent in case of dispute,Yes,1,NotFound,NotFound,NotFound,NotFound,NotFound,NotFound,NotFound,senior unsecured;Unsubordinated,below,Ba1,below,BB+,NotFound,NotFound,Percentage Formula,3,Shareholder's Equity,worldwide,No,English law
54_sh,20160919,SOCIETE GENERALE ,Bank Of ABC,EUR,To be selected by the Non-defaulting party or non-affected party,Party A,substitution calculation agent in case of dispute,Yes,2,NotFound,NotFound,NotFound,NotFound,NotFound,NotFound,NotFound,unsecured;Unsubordinated,below,Baa3,below,BBB-,NotFound,NotFound,The greater of a fixed amount or a Percentage formula,3;20000000,Shareholder's Equity,Paris,No,English law
58_sh,20150824,SOCIETE GENERALE ,ABC,EUR,NotFound,Party A,substitution calculation agent in case of dispute,Yes,1,NotFound,NotFound,NotFound,NotFound,NotFound,NotFound,NotFound,senior unsecured,below,Baa1,below,BBB+,NotFound,NotFound,Percentage Formula,3,Shareholder's Equity,Paris;London;Warsaw,No,English law
59_sh,20161012,Bank Of ABC,SOCIETE GENERALE ,EUR,To be selected by the Non-defaulting party or non-affected party,Party B,substitution calculation agent in case of dispute,No,1,NotFound,NotFound,NotFound,NotFound,NotFound,NotFound,NotFound,unsecured;Unsubordinated,below,Baa3,below,BBB,below,BBB+,Fixed Amount,10000000,NotFound,No,Paris;London,English law
60_sh,20160624,SOCIETE GENERALE ,Bank Of ABC,EUR,NotFound,Party A,NotFound,No,3,unsecured;unsubordinated,below,P-1,below,A-1+,below,B,unsecured;Unsubordinated,below,Baa3,below,BBB,below,BBB+,Percentage Formula,3,Shareholder's Equity,worldwide,No,English law
61_sh,20160621,SOCIETE GENERALE ,Bank Of ABC,EUR,NotFound,Party A,NotFound,No,3,NotFound,NotFound,NotFound,NotFound,NotFound,NotFound,NotFound,Senior Unsecured,below,A3,below,A-,below,F1,Percentage Formula,3,Shareholder's Equity,worldwide,No,English law
64_sh,19900405,Bank Of ABC,SOCIETE GENERALE ,USD,To be selected by the Non-defaulting party or non-affected party,Party A,NotFound,No,1,NotFound,NotFound,NotFound,NotFound,NotFound,NotFound,NotFound,unsecured;Unsubordinated,below,Baa3,below,BBB,below,BBB+,Fixed Amount,10000000,NotFound,No,worldwide,English law
65_sh,19980611,Bank Of ABC,SOCIETE GENERALE ,USD,To be selected by the Non-defaulting party or non-affected party,Party A,NotFound,No,1,unsecured;unsubordinated,below,P-1,below,A-1,NotFound,NotFound,NotFound,NotFound,NotFound,NotFound,NotFound,NotFound,NotFound,Percentage Formula,3,Shareholder's Equity,worldwide,worldwide,Laws of the State of New York
68_sh,20170913,SOCIETE GENERALE ,DEUTSCHE ASSET MANAGEMENT INTERNATIONAL GMBH,USD,To be selected by the Non-defaulting party or non-affected party,Party A,substitution calculation agent in case of default;substitution calculation agent in case of dispute,No,1,NotFound,NotFound,NotFound,NotFound,NotFound,NotFound,NotFound,unsecured;Unsubordinated,below,Baa1,below,BBB+,NotFound,NotFound,Percentage Formula,3,Shareholder's Equity,worldwide,No,English law
97_bk,20080128,YZEE PVT LIMITED,Societe Generale,USD,To be selected by the Non-defaulting party or non-affected party,other,substitution calculation agent in case of default;third party in case of default,Yes,3,Financial Strength;Subordinated,below,A2,below,A-,below,F2,NotFound,NotFound,NotFound,NotFound,NotFound,NotFound,NotFound,Fixed Amount,25000000,NotFound,No,No,Laws of the State of New York
100_bk,20071214,SOCIETE GENERALE,BENJAMINE PVT LIMITED,USD,To be selected by the Non-defaulting party or non-affected party,Party A, non defaulting party in case of dispute;substitution calculation agent in case of dispute ,Yes,2,NotFound,NotFound,NotFound,NotFound,NotFound,NotFound,NotFound,Unsecured;Unsubordinated,below,Baa3,below,BBB,below,BBB+,Percentage Formula,5,Shareholder's Equity,HongKong;London;New York;Paris;Tokyo,No,English Law
101_bk,19971202,SOCIETE GENERALE,Finance INVESTMENTS ,USD,NotFound,Party A,NotFound,No,1,NotFound,NotFound,NotFound,NotFound,NotFound,NotFound,NotFound,senior secured;subordinated,below,Baa3,below,BBB-,below,AA+,Fixed Amount,25000000,NotFound,Worldwide,No,Laws of the State of New York
103_bk,20061107,SOCIETE GENERALE,GoldSmith Global Alpha Fund  PLC ,USD,To be selected by the Non-defaulting party or non-affected party,Party A,NotFound,No,1,NotFound,NotFound,NotFound,NotFound,NotFound,NotFound,NotFound,unsecured;Unsubordinated,below,Baa2,below,BBB,NotFound,NotFound,Percentage Formula,5,Shareholder's Equity,Paris;itsNew York;Sydney;Toky;London,No,Laws of the State of New York
104_bk,20060711,SOCIETE GENERALE,GOLDSMITH QUANTITATIVE OPPORTUNISTIC STRATEGIES MASTER FUND  LLC ,USD,To be selected by the Non-defaulting party or non-affected party,Party A,NotFound,No,2,NotFound,NotFound,NotFound,NotFound,NotFound,NotFound,NotFound,unsecured;Unsubordinated,below,Baa3,below,BBB,NotFound,NotFound,Percentage Formula,6,Shareholder's Equity,Paris;itsNew York;Sydney;Toky;London,No,Laws of the State of New York
106_bk,20171207,SOCIETE GENERALE, TOP ASSET MANAGEMENT LLP ,USD,NotFound,Party A,substitution calculation agent in case of dispute;other in case of dispute,Yes,3,Financial Strength;Subordinated,below,A2,below,A-,below,F2,NotFound,NotFound,NotFound,NotFound,NotFound,NotFound,NotFound,The lesser of a fixed amount or a Percentage formula,10000000,NotFound,Paris;London,No,English Law
108_bk,20071025,SOCIETE GENERALE,Company B,USD,NotFound,Party A,NotFound,No,2,unsecured;unsubordinated,below,P-1,below,A-1+,below,B,unsecured;Unsubordinated,below,P-1,below,A-1+,below,B,Percentage Formula,3,Shareholder's Equity,Worldwide,No,English Law
110_bk,19951222,SOCIETE GENERALE,ToySon Foods INC.,USD,To be selected by the Non-defaulting party or non-affected party,Party A,NotFound,No,1,NotFound,NotFound,NotFound,NotFound,NotFound,NotFound,NotFound,senior secured;subordinated,below,Baa3,below,BBB-,below,AA+,Fixed Amount,10000000,NotFound,New York;London;Tokyo,No,Laws of the State of New York
113_bk,20180525,SOCIETE GENERALE,NextLine Fund  LP,USD,To be selected by the Non-defaulting party or non-affected party,Party A,non defaulting party in case of default,Yes,2,unsecured;unsubordinated,below,P-1,below,A-1+,below,B,unsecured;Unsubordinated,below,P-1,below,A-1+,below,B,Fixed Amount,10000000,NotFound,No,No,English Law
114_bk,20070101,SOCIETE GENERALE,Master Fund LTD,USD,To be selected by the Non-defaulting party or non-affected party,Party A,non defaulting party in case of default;non defaulting party in case of dispute ,Yes,1,senior Secured;unsubordinated,below,P-1,below,A-1,below,F1+,senior unsecured;unsubordinated ,below,Baa3,below,BBB-,below,AA+,Percentage Formula,3,Shareholder's Equity,Worldwide,No,Laws of the State of New York
116_bk,19950608,SOCIETE GENERALE,Company ABC,USD,To be selected by the Non-defaulting party or non-affected party,Party A,NotFound,No,1,unsecured,below,P-1,below,A1,NotFound,NotFound,unsecured,below,A2,below,AA-,NotFound,NotFound,Fixed Amount,1000000,NotFound,No,No,Laws of the State of New York
69_sh,20160904,SOCIETE GENERALE,MESS LTD,USD,To be selected by the Non-defaulting party or non-affected party,Party A,substitution calculation agent in case of dispute,no,1,senior Secured;unsubordinated,below,P-1,below,A-1,below,F1+,senior unsecured;unsubordinated ,below,Baa3,below,BBB-,below,AA+,The lesser of a fixed amount or a Percentage formula,3;10000000,Net Asset Value,Worldwide,No,English Law
70_sh,20060912,SOCIETE GENERALE,GEN Co,USD,NotFound,Party A,NotFound,no,3,Financial Strength;Subordinated,below,A2,below,A-,below,F2,NotFound,NotFound,NotFound,NotFound,NotFound,NotFound,NotFound,Fixed Amount,10000000,NotFound,Worldwide,No,English Law
71_sh,20060620,SOCIETE GENERALE,KENRI Co,USD,To be selected by the Non-defaulting party or non-affected party,Party A,NotFound,no,1,NotFound,NotFound,NotFound,NotFound,NotFound,NotFound,NotFound,senior secured;subordinated,below,Baa3,below,BBB-,below,AA+,Fixed Amount,10000000,NotFound,Worldwide,No,English Law
72_sh,20060907,PERISTA Corporation,SOCIETE GENERALE,USD,NotFound,Party B,non defaulting party in case of default,no,2,NotFound,NotFound,NotFound,NotFound,NotFound,NotFound,NotFound,Unsecured;Unsubordinated,below,Baa3,below,BBB,below,BBB+,Fixed Amount,25000000,NotFound,No,Worldwide,Laws of the State of New York
81_sh,20040928,SOCIETE GENERALE,Garden Reach Shipbuilders & Engineers,USD,NotFound,Party A,NotFound,no,2,NotFound,NotFound,NotFound,NotFound,NotFound,NotFound,NotFound,Unsecured;Unsubordinated,below,Baa3,below,BBB,below,BBB+,Fixed Amount,100000000,NotFound,New York,No,Laws of the State of New York
84_sh,20041104,Agriculture Insurance Company of India,SOCIETE GENERALE,GBP,NotFound,Party B,NotFound,no,3,Financial Strength;Subordinated,below,A2,below,A-,below,F2,NotFound,NotFound,NotFound,NotFound,NotFound,NotFound,NotFound,Fixed Amount,10000000,NotFound,No,No,English Law
86_sh,19970217,SG AUSTRALIA LIMITED,Bharat Immunologicals Corporation,AUD,NotFound,Party A,NotFound,no,2,unsecured;unsubordinated,below,P-1,below,A-1+,below,B,unsecured;Unsubordinated,below,P-1,below,A-1+,below,B,Fixed Amount,10000000,NotFound,No,No,English Law
87_sh,19960606,Bharat Pumps & Compressors,SOCIETE GENERALE AUSTRALIA LIMITED,USD,To be selected by the Non-defaulting party or non-affected party,Party B,non defaulting party in case of default,no,NotFound,NotFound,NotFound,NotFound,NotFound,NotFound,NotFound,NotFound,NotFound,NotFound,NotFound,NotFound,NotFound,NotFound,NotFound,Fixed Amount,10000000,NotFound,No,No,State of New South Wales
88_sh,20020617,Central Mine Planning and Design Institute,SG AUSTRALIA LIMITED,AUD,NotFound,Party A,non defaulting party in case of default,no,2,NotFound,NotFound,NotFound,NotFound,NotFound,NotFound,NotFound,Unsecured;Unsubordinated,below,Baa3,below,BBB,below,BBB+,Fixed Amount,10000000,NotFound,No,No,Laws of New South Wales
90_sh,20031007,SOCIETE GENERALE,Fertilizer Corporation of India,USD,To be selected by the Non-defaulting party or non-affected party,Party A,NotFound,no,3,unsecured;unsubordinated,below,P-1,below,A-1+,below,B,unsecured;Unsubordinated,below,Baa3,below,BBB,below,BBB+,Fixed Amount,10000000,NotFound,Worldwide,No,English Law
92_sh,20071219,SOCIETE GENERALE,SURYA GROUP INC,GBP,To be selected by the Non-defaulting party or non-affected party,Party A,substitution calculation agent in case of dispute,no,2,NotFound,NotFound,NotFound,NotFound,NotFound,NotFound,NotFound,Unsecured;Unsubordinated,below,Baa3,below,BBB,below,BBB+,Percentage Formula,3,Shareholder's Equity,Paris;London,No,English Law
93_sh,20080130,PPB PVT LIMITED,SOCIETE GENERALE,USD,To be selected by the Non-defaulting party or non-affected party,Party B,NotFound,no,3,Financial Strength;Subordinated,below,A2,below,A-,below,F2,NotFound,NotFound,NotFound,NotFound,NotFound,NotFound,NotFound,The lesser of a fixed amount or a Percentage formula,3;10000000,Net Asset Value,No,Paris,English Law
94_sh,20080129,SOCIETE GENERALE,KINGS LANDING INC,USD,NotFound,Party A,NotFound,no,1,NotFound,NotFound,NotFound,NotFound,NotFound,NotFound,NotFound,Senior Unsecured,at,A3,at,A-,NotFound,NotFound,Percentage Formula,3,Shareholder's Equity,Frankfurt;London;Milan;Montreal;New York;Sydney;Tokyo;Paris,No,Laws of the State of New York
95_sh,20080129,SOCIETE GENERALE,QUEEN STREET FUND LTD,USD,NotFound,Party A,NotFound,no,1,NotFound,NotFound,NotFound,NotFound,NotFound,NotFound,NotFound,Senior Unsecured,at,A3,at,A-,NotFound,NotFound,Percentage Formula,3,Shareholder's Equity,Frankfurt;London;Milan;Montreal;New York;Sydney;Tokyo;Paris,No,Laws of the State of New York
rk_2,20050121,PASALA Industries,Societe Generale,USD,To be selected by the Non-defaulting party or non-affected party,Party B,third party in case of default ,YES,1,Unsecured,below,P-1,below,A1,NotFound,NotFound,Unsecured,below,A2,below,AA-,NotFound,NotFound,Fixed Amount,25000000,NotFound,NO,worldwide,English law
rk_3,20030210,PASALA Industries,Societe Generale,USD,To be selected by the Non-defaulting party or non-affected party,Party A,third party in case of default ,NO,NotFound,NotFound,NotFound,NotFound,NotFound,NotFound,NotFound,NotFound,NotFound,NotFound,NotFound,NotFound,NotFound,NotFound,NotFound,Equal to a fixed amount or a Percentage formula,3,Shareholder's Equity,worldwide,No,Laws of the State of New York
rk_4,20050727,Societe Generale,PASALA Industries,USD,NotFound,Party A,NotFound,No,1,unsecured;unsubordinated,below,P-1,below,A-1,NotFound,NotFound,NotFound,NotFound,NotFound,NotFound,NotFound,NotFound,NotFound,Equal to a fixed amount or a Percentage formula,3,Shareholder's Equity,worldwide,No,Laws of the State of New York
rk_5,20050714,Societe Generale,PASALA Industries,USD,NotFound,Party A,non defaulting party in case of default,Yes,NotFound,NotFound,NotFound,NotFound,NotFound,NotFound,NotFound,NotFound,NotFound,NotFound,NotFound,NotFound,NotFound,NotFound,NotFound,NotFound,NotFound,NotFound,New York;Sydney,No,Laws of the State of New York
rk_7,20050826,Societe Generale,PASALA Industries,USD,To be selected by the Non-defaulting party or non-affected party,Party A,NotFound,No,1,senior unsecured;unsubordinated,below,P-1,below,A-1+,below,F1,unsecured;Unsubordinated,below,Baa3,below,BBB,below,BBB-,Fixed Amount,10000000,NotFound,worldwide,No,English law
rk_9,20050923,Societe Generale,Bruce Wane;INC,USD,To be selected by the Non-defaulting party or non-affected party,Party A,NotFound,No,1,NotFound,NotFound,NotFound,NotFound,NotFound,NotFound,NotFound,unsecured;Unsubordinated,below,Baa3,below,BBB,below,BBB+,Fixed Amount,10000000,NotFound,worldwide,No,English law
rk_10,20050928,Societe Generale,RBK Management;Legal Services,GBP,To be selected by the Non-defaulting party or non-affected party,Party A,NotFound,No,3,unsecured;unsubordinated,below,P-1,below,A-1+,below,B,unsecured;Unsubordinated,below,Baa3,below,BBB,below,BBB+,Fixed Amount,50000000,NotFound,worldwide,No,English law
rk_13,20030303,RBK Management Legal Services,Societe Generale,EUR,To be selected by the Non-defaulting party or non-affected party,Party B,NotFound,No,2,NotFound,NotFound,NotFound,NotFound,NotFound,NotFound,NotFound,Unsecured;Unsubordinated,below,Baa3,below,BBB,below,BBB+,Equal to a fixed amount or a Percentage formula,3,Net Asset Value,No,Paris;London;New york;Tokyo;Singapore;Hong Kong;Frankfurt,English law
rk_14,20051202,Societe Generale,NEXTNEXT Co in,USD,To be selected by the Non-defaulting party or non-affected party,Party A,NotFound,No,1,NotFound,NotFound,NotFound,NotFound,NotFound,NotFound,NotFound,senior secured;subordinated,below,Baa3,below,BBB-,below,AA+,Fixed Amount,10000000,NotFound,worldwide,No,Laws of the State of New York
rk_16,20051121,Societe Generale,RBK Management,USD,NotFound,Party A,NotFound,No,1,unsecured,below,P-1,below,A1,NotFound,NotFound,unsecured,below,A2,below,AA-,NotFound,NotFound,Fixed Amount,10000000,NotFound,No,No,English law
rk_17,20050923,Societe Generale,Bruce Wane INC,EUR,To be selected by the Non-defaulting party or non-affected party,Party A,third party in case of default ,No,2,unsecured;unsubordinated,below,P-1,below,A-1+,below,B,unsecured;Unsubordinated,below,P-1,below,A-1+,below,B,Equal to a fixed amount or a Percentage formula,3,Shareholder's Equity,Amsterdam;Brussels;Dublin;Frankfurt;Halandri;Hong kong;Johansburg;Labuan;London;Madrid;Milan;New York;Vienna,No,English law
rk_18,20050923,Societe Generale,NEXTNEXT Co in,EUR,To be selected by the Non-defaulting party or non-affected party,Party A,third party in case of default ,yes,1,NotFound,NotFound,NotFound,NotFound,NotFound,NotFound,NotFound,senior secured;subordinated,below,Baa3,below,BBB-,below,AA+,Equal to a fixed amount or a Percentage formula,3,Shareholder's Equity,Amsterdam;Brussels;Dublin;Frankfurt;Halandri;Hong kong;Johansburg;Labuan;London;Madrid;Milan;New York;Vienna,No,English law
rk_20,20050923,Societe Generale,Bruce Wane INC,EUR,To be selected by the Non-defaulting party or non-affected party,Party A,third party in case of default ,No,1,unsecured;unsubordinated,below,P-1,below,A-1,NotFound,NotFound,NotFound,NotFound,NotFound,NotFound,NotFound,NotFound,NotFound,Equal to a fixed amount or a Percentage formula,3,Shareholder's Equity,Amsterdam;Brussels;Dublin;Frankfurt;Halandri;Hong kong;Johansburg;Labuan;London;Madrid;Milan;New York;Vienna,No,English law
rk_21,20040820,Societe Generale,Bruce Wane INC,USD,NotFound,Party A,third party in case of default ,No,3,NotFound,NotFound,NotFound,NotFound,NotFound,NotFound,NotFound,Senior Unsecured,at,A3,at,A-,at,F1,Equal to a fixed amount or a Percentage formula,1,Shareholder's Equity,worldwide,No,Laws of the State of New York
rk_23,20040820,Societe Generale,NEXTNEXT Co in,USD,NotFound,Party A,third party in case of default ,No,1,Unsecured,below,P-1,below,A1,NotFound,NotFound,Unsecured,below,A2,below,AA-,NotFound,NotFound,Equal to a fixed amount or a Percentage formula,1,Shareholder's Equity,worldwide,No,Laws of the State of New York
al_1,20050606,Societe Generale,NOONE LTD,USD,NotFound,Party A,NotFound,No,3,NotFound,NotFound,NotFound,NotFound,NotFound,NotFound,NotFound,Senior Unsecured,below,A3,below,A-,below,F1,Fixed Amount,10000000,NotFound,worldwide,No,English law
al_2,20070328,Societe Generale,QWERTY PVT LTD,USD,NotFound,Party A,NotFound,No,1,Unsecured,below,P-1,below,A1,NotFound,NotFound,Unsecured,below,A2,below,AA-,NotFound,NotFound,Fixed Amount,10000000,NotFound,London;New York,No,English law
al_3,20070604,Societe Generale,SMPL COMP LTD,USD,To be selected by the Non-defaulting party or non-affected party,Party A,NotFound,No,1,unsecured;unsubordinated,below,P-1,below,A-1,NotFound,NotFound,NotFound,NotFound,NotFound,NotFound,NotFound,NotFound,NotFound,Percentage formula,3,Shareholder's Equity,worldwide,No,English law
al_4,20070501,Societe Generale,MMMMM COMP LTD,USD,NotFound,Party A,NotFound,No,1,unsecured;unsubordinated,below,P-1,below,A-1,NotFound,NotFound,NotFound,NotFound,NotFound,NotFound,NotFound,NotFound,NotFound,Equal to a fixed amount or a Percentage formula,3,Shareholder's Equity,worldwide,No,Laws of the State of New York
al_8,20070806,Societe Generale,ACE Emerging Cartagena S.R.L,EUR,NotFound,Party A,third party in case of default ,Yes,3,NotFound,NotFound,NotFound,NotFound,NotFound,NotFound,NotFound,Senior Unsecured,at,A3,at,A-,at,F1,Equal to a fixed amount or a Percentage formula,3,Shareholder's Equity,worldwide,No,English law
al_9,20070730,Societe Generale,FAMOUS DIVERSIFIED VALUE FUND,USD,NotFound,Party A,NotFound,No,1,unsecured,below,P-1,below,A1,NotFound,NotFound,unsecured,below,A2,below,AA-,NotFound,NotFound,Fixed Amount,3,Shareholder's Equity,worldwide,No,Laws of the State of New York
al_10,20070605,Societe Generale,Komercni banka,EUR,NotFound,Party A,NotFound,No,2,unsecured;unsubordinated,below,P-1,below,A-1+,below,B,unsecured;Unsubordinated,below,P-1,below,A-1+,below,B,Fixed Amount,10000000,NotFound,worldwide,No,English law
al_11,20070725,XYZABC Scheme Limited,Societe Generale,GBP,NotFound,Party B,third party in case of default,Yes,2,NotFound,NotFound,NotFound,NotFound,NotFound,NotFound,NotFound,Unsecured,at,Baa1,at,BBB+,NotFound,NotFound,Equal to a fixed amount or a Percentage formula,3,Net Asset Value,No,worldwide,Laws of England
al_12,20071017,Societe Generale,AMITH INTERNATIONAL AG,USD,NotFound,Party A,NotFound,No,2,NotFound,NotFound,NotFound,NotFound,NotFound,NotFound,NotFound,Unsecured;Unsubordinated,below,Baa3,below,BBB,below,BBB+,Fixed Amount,10000000,NotFound,worldwide,No,Laws of England
al_13,20060501,Societe Generale,ABC LIMITED DURATION COMPANY,USD,To be selected by the Non-defaulting party or non-affected party,Party A,NotFound,No,1,NotFound,NotFound,NotFound,NotFound,NotFound,NotFound,NotFound,senior secured;subordinated,below,Baa3,below,BBB-,below,AA+,The lesser of a fixed amount or a Percentage formula,10000000;3,Net Asset Value,worldwide,No,English law
sh_99,19950706,Societe Generale,Company ABC,USD,To be selected by the Non-defaulting party or non-affected party,Party A,NotFound,NO,NotFound,NotFound,NotFound,NotFound,NotFound,NotFound,NotFound,NotFound,NotFound,NotFound,NotFound,NotFound,NotFound,NotFound,NotFound,Fixed Amount,10000000,NotFound,NO,worldwide,English Law
sh_100,19940901,Company ABC,Societe Generale,USD,To be selected by the Non-defaulting party or non-affected party,Party A,NotFound,NO,NotFound,NotFound,NotFound,NotFound,NotFound,NotFound,NotFound,NotFound,NotFound,NotFound,NotFound,NotFound,NotFound,NotFound,NotFound,Fixed Amount,20000000,NotFound,NO,London;New york;Tokyo,English Law
sh_101,19960502,Societe Generale,Company ABC,USD,To be selected by the Non-defaulting party or non-affected party,Party A,NotFound,NO,NotFound,NotFound,NotFound,NotFound,NotFound,NotFound,NotFound,NotFound,NotFound,NotFound,NotFound,NotFound,NotFound,NotFound,NotFound,Fixed Amount,10000000,NotFound,Worldwide,NO,English Law
sh_102,19950210,Societe Generale,Company ABC,USD,To be selected by the Non-defaulting party or non-affected party,Party A,NotFound,NO,NotFound,NotFound,NotFound,NotFound,NotFound,NotFound,NotFound,NotFound,NotFound,NotFound,NotFound,NotFound,NotFound,NotFound,NotFound,Fixed Amount,10000000,NotFound,London;New york;Tokyo;paris,helsinki;London;New york;singapore,Laws of the state of New York
sh_103,19970219,Company ABC,Societe Generale,USD,NotFound,Party A,NotFound,NO,NotFound,NotFound,NotFound,NotFound,NotFound,NotFound,NotFound,NotFound,NotFound,NotFound,NotFound,NotFound,NotFound,NotFound,NotFound,Fixed Amount,10000000,NotFound,Street walmartz,worldwide,English Law
sh_104,19920901,Societe Generale,Company ABC,USD,To be selected by the Non-defaulting party or non-affected party,Party A,NotFound,No,NotFound,NotFound,NotFound,NotFound,NotFound,NotFound,NotFound,NotFound,NotFound,NotFound,NotFound,NotFound,NotFound,NotFound,NotFound,Equal to a fixed amount or a Percentage formula,3,Shareholder's Equity,Worldwide,NO,Laws of the state of New York
sh_105,19941216,Societe Generale,Company ABC,USD,To be selected by the Non-defaulting party or non-affected party,Party A,NotFound,NO,NotFound,NotFound,NotFound,NotFound,NotFound,NotFound,NotFound,NotFound,NotFound,NotFound,NotFound,NotFound,NotFound,NotFound,NotFound,Fixed Amount,10000000,Net Asset Value,Worldwide,Lisboa;Madeira,English Law
sh_107,20021028,Societe Generale,Gringotts Bank,USD,NotFound,Party A,NotFound,No,NotFound,NotFound,NotFound,NotFound,NotFound,NotFound,NotFound,NotFound,NotFound,NotFound,NotFound,NotFound,NotFound,NotFound,NotFound,Fixed Amount,10000000,NotFound,Worldwide,Dublin,English Law
sh_108,20021220,Soylent Corp (soylent Green),Vehement Capital,USD,To be selected by the Non-defaulting party or non-affected party,NotFound,NotFound,No,NotFound,NotFound,NotFound,NotFound,NotFound,NotFound,NotFound,NotFound,NotFound,at,AA3,at,AA-,NotFound,NotFound,Equal to a fixed amount or a Percentage formula,2,Net Asset Value,NotFound,NotFound,NotFound
sh_113,20030617,societe Generale,Shark Tech,USD,To be selected by the Non-defaulting party or non-affected party,Party A,NotFound,NO,NotFound,NotFound,NotFound,NotFound,NotFound,NotFound,NotFound,NotFound,NotFound,NotFound,NotFound,NotFound,NotFound,NotFound,NotFound,Percentage formula,3,Shareholder's Equity,Worldwide,NO,English Law
sh_114,20031111,Societe Generale,Winterfell funds private limited,USD,NotFound,Party A,NotFound,NO,NotFound,NotFound,NotFound,NotFound,NotFound,NotFound,NotFound,NotFound,NotFound,NotFound,NotFound,NotFound,NotFound,NotFound,NotFound,Equal to a fixed amount or a Percentage formula,3,Shareholder's Equity,Worldwide,NO,Laws of the state of New york
sh_115,20030512,Societe Generale,Lomos International,USD,NotFound,Party A,NotFound,NO,NotFound,NotFound,NotFound,NotFound,NotFound,NotFound,NotFound,NotFound,NotFound,NotFound,NotFound,NotFound,NotFound,NotFound,NotFound,Fixed Amount,10000000,NotFound,Worldwide,NO,Laws of the state of New york
sh_116,20030310,Societe Generale,Kimberly K International,USD,To be selected by the Non-defaulting party or non-affected party,Party A,NotFound,NO,NotFound,NotFound,NotFound,NotFound,NotFound,NotFound,NotFound,NotFound,NotFound,NotFound,NotFound,NotFound,NotFound,NotFound,NotFound,Fixed Amount,10000000,NotFound,Worldwide,Madrid,English Law
sh_117,20031124,Societe Generale,Xavier International Funds Limited,USD,To be selected by the Non-defaulting party or non-affected party,Party A,NotFound,NO,NotFound,NotFound,NotFound,NotFound,NotFound,NotFound,NotFound,NotFound,NotFound,NotFound,NotFound,NotFound,NotFound,NotFound,NotFound,Fixed Amount,10000000,NotFound,Worldwide,NO,English Law
sh_118,20040621,Societe Generale,Bank of dorne,EUR,To be selected by the Non-defaulting party or non-affected party,Party A,NotFound,YES,NotFound,NotFound,NotFound,NotFound,NotFound,NotFound,NotFound,NotFound,NotFound,NotFound,NotFound,NotFound,NotFound,NotFound,NotFound,Fixed Amount,10000000,NotFound,NotFound,NO,English Law
sh_119,20031030,Societe Generale,Bank of qarth,EUR,NotFound,Party A,NotFound,No,NotFound,NotFound,NotFound,NotFound,NotFound,NotFound,NotFound,NotFound,NotFound,NotFound,NotFound,NotFound,NotFound,NotFound,NotFound,Equal to a fixed amount or a Percentage formula,3,Shareholder's Equity,Paris;London;Tokyo;New York,NO,English Law
sh_120,20040903,Societe Generale,Bank of Gautham,USD,To be selected by the Non-defaulting party or non-affected party,Party A,NotFound,NO,NotFound,NotFound,NotFound,NotFound,NotFound,NotFound,NotFound,NotFound,NotFound,NotFound,NotFound,NotFound,NotFound,NotFound,NotFound,Fixed Amount,10000000,NotFound,Worldwide,Headoffice,English Law
sh_122,20030303,Bank of CNJ,Societe Generale,EUR,To be selected by the Non-defaulting party or non-affected party,Party B,NotFound,NO,NotFound,NotFound,NotFound,NotFound,NotFound,NotFound,NotFound,NotFound,NotFound,NotFound,NotFound,NotFound,NotFound,NotFound,NotFound,Equal to a fixed amount or a Percentage formula,3,Net Asset Value,NO,Paris;London;New york;Tokyo;Singapore;Hongkong;Frankfurt,English Law
sh_123,20040705,Bank of Whitewalkers,Societe Generale,USD,To be selected by the Non-defaulting party or non-affected party,Party B,NotFound,NO,1,NotFound,NotFound,NotFound,NotFound,NotFound,NotFound,NotFound,Unsecured;Unsubordinated,below,Baa1,below,BBB+,below,BBB+,Equal to a fixed amount or a Percentage formula,3,Shareholder's Equity,NO,Paris;london;Milan,English Law
sh_124,20040705,Bank of Logan,Societe Generale,USD,To be selected by the Non-defaulting party or non-affected party,Party B,NotFound,NO,1,NotFound,NotFound,NotFound,NotFound,NotFound,NotFound,NotFound,Unsecured;Unsubordinated,below,Baa1,below,BBB+,below,BBB+,Equal to a fixed amount or a Percentage formula,3,Shareholder's Equity,NO,Paris;london;Milan,English Law
sh_125,20031022,Bank of Bravoos,Societe Generale,EUR,To be selected by the Non-defaulting party or non-affected party,Party B,NotFound,NO,NotFound,NotFound,NotFound,NotFound,NotFound,NotFound,NotFound,NotFound,NotFound,NotFound,NotFound,NotFound,NotFound,NotFound,NotFound,NotFound,NotFound,NotFound,NO,London,English Law
sh_126,20040719,Societe generale,Bank of KGB,USD,NotFound,Party A,NotFound,NO,NotFound,NotFound,NotFound,NotFound,NotFound,NotFound,NotFound,NotFound,NotFound,NotFound,NotFound,NotFound,NotFound,NotFound,NotFound,Fixed Amount,NotFound,NotFound,Worldwide,NO,English Law
sh_127,20041221,Societe generale,Bank of 123,USD,NotFound,Party A,NotFound,NO,NotFound,NotFound,NotFound,NotFound,NotFound,NotFound,NotFound,NotFound,NotFound,NotFound,NotFound,NotFound,NotFound,NotFound,NotFound,Fixed Amount,10000000,NotFound,Worldwide,NO,English Law
sh_128,20041221,Societe generale,Bank of ABC,USD,To be selected by the Non-defaulting party or non-affected party,Party A,NotFound,NO,NotFound,NotFound,NotFound,NotFound,NotFound,NotFound,NotFound,NotFound,NotFound,NotFound,NotFound,NotFound,NotFound,NotFound,NotFound,Fixed Amount,10000000,NotFound,Worldwide,NO,English Law
sh_129,20041208,Societe Generale,Bank of ABC,USD,To be selected by the Non-defaulting party or non-affected party,Party A,NotFound,NO,NotFound,NotFound,NotFound,NotFound,NotFound,NotFound,NotFound,NotFound,NotFound,NotFound,NotFound,NotFound,NotFound,NotFound,NotFound,Fixed Amount,10000000,NotFound,Worldwide,Athens,English Law
sh_130,20041016,Societe Generale,Bank of 123,USD,To be selected by the Non-defaulting party or non-affected party,Party A,NotFound,NO,NotFound,NotFound,NotFound,NotFound,NotFound,NotFound,NotFound,NotFound,NotFound,NotFound,NotFound,NotFound,NotFound,NotFound,NotFound,Fixed Amount,10000000,NotFound,Worldwide,Milan,English Law
sh_131,20041018,jeevan solutions,Societe Generale,USD,NotFound,Party B,NotFound,NO,NotFound,NotFound,NotFound,NotFound,NotFound,NotFound,NotFound,NotFound,NotFound,NotFound,NotFound,NotFound,NotFound,NotFound,NotFound,Fixed Amount,50000000,NotFound,NO,worldwide,Laws of the state of New york
sh_133,20041104,Societe Generale,Bank of ABC,USD,NotFound,Party A,NotFound,NO,1,NotFound,NotFound,NotFound,NotFound,NotFound,NotFound,NotFound,Usecured;Unsubordinated,below,Baa2,below,BBB,NotFound,NotFound,Equal to a fixed amount or a Percentage formula,3,Shareholder's Equity,London;New york;Tokyo;paris,NO,Laws of the state of New york
sh_134,20040316,Societe Generale,Jeevan Anand Corporation Pvt Ltd,USD,To be selected by the Non-defaulting party or non-affected party,Party A,NotFound,NO,NotFound,NotFound,NotFound,NotFound,NotFound,NotFound,NotFound,NotFound,NotFound,NotFound,NotFound,NotFound,NotFound,NotFound,NotFound,Fixed Amount,10000000,NotFound,Worldwide,Cayman islands,English Law
sh_135,20041222,Societe Generale,Jeevan Solutions,EUR,NotFound,Party A,NotFound,NO,NotFound,NotFound,NotFound,NotFound,NotFound,NotFound,NotFound,NotFound,NotFound,NotFound,NotFound,NotFound,NotFound,NotFound,NotFound,Fixed Amount,20000000,NotFound,NO,NO,English Law
sh_136,20040923,Jeeavn Solutions Pvt Ltd,Societe Generale,USD,NotFound,Party B,NotFound,NO,NotFound,NotFound,NotFound,NotFound,NotFound,NotFound,NotFound,NotFound,NotFound,NotFound,NotFound,NotFound,NotFound,NotFound,NotFound,Fixed Amount,20000000,NotFound,NO,New york;Paris,Laws of the state of New york
sh_138,19931214,Societe Generale,Bank of 123,USD,To be selected by the Non-defaulting party or non-affected party,Party A,NotFound,NO,NotFound,NotFound,NotFound,NotFound,NotFound,NotFound,NotFound,NotFound,NotFound,NotFound,NotFound,NotFound,NotFound,NotFound,NotFound,Fixed Amount,10000000,NotFound,Worldwide,Bergamo;lyon;Munich,English Law
sh_139,20050531,Societe Generale,Bank of ABC,USD,NotFound,Party A,NotFound,NO,NotFound,NotFound,NotFound,NotFound,NotFound,NotFound,NotFound,NotFound,NotFound,NotFound,NotFound,NotFound,NotFound,NotFound,NotFound,Equal to a fixed amount or a Percentage formula,3,Shareholder's Equity,NO,NO,Laws of the state of New york
sh_143,20001203,Societe generale,Bank ABC,EUR,To be selected by the Non-defaulting party or non-affected party,Party A,NotFound,NO,NotFound,NotFound,NotFound,NotFound,NotFound,NotFound,NotFound,NotFound,NotFound,NotFound,NotFound,NotFound,NotFound,NotFound,NotFound,Fixed Amount,10000000,NotFound,Worldwide,NO,English Law
sh_144,20001203,Societe generale,Bank ABC,USD,NotFound,Party A,NotFound,NO,NotFound,NotFound,NotFound,NotFound,NotFound,NotFound,NotFound,NotFound,NotFound,NotFound,NotFound,NotFound,NotFound,NotFound,NotFound,Fixed Amount,10000000,NotFound,Worldwide,NO,English Law
sh_145,20001205,Societe generale,Bank ABC,USD,NotFound,Party A,NotFound,NO,NotFound,NotFound,NotFound,NotFound,NotFound,NotFound,NotFound,NotFound,NotFound,NotFound,NotFound,NotFound,NotFound,NotFound,NotFound,Fixed Amount,10000000,NotFound,Worldwide,NO,English Law
sh_146,20001207,Societe generale,IT Solutions,USD,NotFound,Party A,NotFound,NO,NotFound,NotFound,NotFound,NotFound,NotFound,NotFound,NotFound,NotFound,NotFound,NotFound,NotFound,NotFound,NotFound,NotFound,NotFound,Fixed Amount,10000000,NotFound,Worldwide,NO,English Law
sh_147,20000209,Societe generale,Global Solution,USD,NotFound,Party A,NotFound,NO,NotFound,NotFound,NotFound,NotFound,NotFound,NotFound,NotFound,NotFound,NotFound,NotFound,NotFound,NotFound,NotFound,NotFound,NotFound,NotFound,NotFound,NotFound,NO,NO,English Law
sh_148,20011205,Societe generale,EAT Solution,USD,To be selected by the Non-defaulting party or non-affected party,Party A,NotFound,NO,1,NotFound,NotFound,NotFound,NotFound,NotFound,NotFound,NotFound,Unsecured;Unsubordinated,Below,Baa2,below,bbb,NotFound,NotFound,Equal to a fixed amount or a Percentage formula,5,Shareholder's Equity,paris;New york;London;Tokyo;sydney,NO,The law of state of New york
sh_150,20000120,Societe generale,Bosci Ltd,USD,To be selected by the Non-defaulting party or non-affected party,Party A,NotFound,NO,NotFound,NotFound,NotFound,NotFound,NotFound,NotFound,NotFound,NotFound,NotFound,NotFound,NotFound,NotFound,NotFound,NotFound,NotFound,Fixed Amount,10000000,NotFound,Worldwide,NO,English Law
sh_151,20021208,Societe generale,Sam Industires,EUR,To be selected by the Non-defaulting party or non-affected party,Party A,NotFound,NO,NotFound,NotFound,NotFound,NotFound,NotFound,NotFound,NotFound,NotFound,NotFound,NotFound,NotFound,NotFound,NotFound,NotFound,NotFound,Fixed Amount,14000000,NotFound,Worldwide,NO,English Law
sh_152,20000528,Societe generale,Sokia Industries,EUR,NotFound,Party A,NotFound,NO,NotFound,NotFound,NotFound,NotFound,NotFound,NotFound,NotFound,NotFound,NotFound,NotFound,NotFound,NotFound,NotFound,NotFound,NotFound,Fixed Amount,50000000,NotFound,paris;New york;London;Tokyo,NO,English Law
sh_153,20020511,Societe generale,Star Solutions,USD,NotFound,Party A,NotFound,NO,NotFound,NotFound,NotFound,NotFound,NotFound,NotFound,NotFound,NotFound,NotFound,NotFound,NotFound,NotFound,NotFound,NotFound,NotFound,Equal to a fixed amount or a Percentage formula,3,Shareholder's Equity,Worldwide,NO,English Law
sh_154,20030303,Societe generale,LOC ltd,USD,NotFound,Party A,NotFound,NO,NotFound,NotFound,NotFound,NotFound,NotFound,NotFound,NotFound,NotFound,NotFound,NotFound,NotFound,NotFound,NotFound,NotFound,NotFound,Fixed Amount,10000000,NotFound,Worldwide,NO,Laws of England
sh_155,20040403,Societe generale,SSM ltd,USD,NotFound,Party A,NotFound,NO,NotFound,NotFound,NotFound,NotFound,NotFound,NotFound,NotFound,NotFound,NotFound,NotFound,NotFound,NotFound,NotFound,NotFound,NotFound,Fixed Amount,10000000,NotFound,Worldwide,NO,English Law
sh_156,20031202,Societe generale,Tingo Ltd,USD,To be selected by the Non-defaulting party or non-affected party,Party A,NotFound,NO,NotFound,NotFound,NotFound,NotFound,NotFound,NotFound,NotFound,NotFound,NotFound,NotFound,NotFound,NotFound,NotFound,NotFound,NotFound,Fixed Amount,10000000,NotFound,Worldwide,NO,English Law
sh_157,20060331,Den Steel company N.V,Societe generale,USD,To be selected by the Non-defaulting party or non-affected party,Party B,NotFound,NO,NotFound,NotFound,NotFound,NotFound,NotFound,NotFound,NotFound,NotFound,NotFound,NotFound,NotFound,NotFound,NotFound,NotFound,NotFound,NotFound,NotFound,NotFound,NO,Paris;London;New York;Johannesberg,English Law
sh_158,20060331,Hew Steel Company N V,Societe generale,USD,To be selected by the Non-defaulting party or non-affected party,Party B,NotFound,NO,NotFound,NotFound,NotFound,NotFound,NotFound,NotFound,NotFound,NotFound,NotFound,NotFound,NotFound,NotFound,NotFound,NotFound,NotFound,NotFound,NotFound,NotFound,NO,Paris;London;New York;Johannesberg;czech republic,English Law
sh_159,20060810,Gohero Ltd,Societe generale,USD,NotFound,Party B,NotFound,NO,NotFound,NotFound,NotFound,NotFound,NotFound,NotFound,NotFound,NotFound,NotFound,NotFound,NotFound,NotFound,NotFound,NotFound,NotFound,Fixed Amount,10000000,NotFound,NO,NO,English Law
sh_160,20050503,Societe generale,Bonosh Ltd,EUR,NotFound,Party A,NotFound,NO,NotFound,NotFound,NotFound,NotFound,NotFound,NotFound,NotFound,NotFound,NotFound,NotFound,NotFound,NotFound,NotFound,NotFound,NotFound,Fixed Amount,10000000,NotFound,Worldwide,NO,English Law
sh_162,20040820,Societe generale,Notion Ltd,USD,NotFound,Party A,NotFound,NO,1,NotFound,NotFound,NotFound,NotFound,NotFound,NotFound,NotFound,Unsecured;Unsubordinated,below,A3,below,A-,NotFound,NotFound,Equal to a fixed amount or a Percentage formula,1,Shareholder's Equity,Worldwide,NO,The law of state of New york
sh_163,20060809,Societe generale,Kero co,USD,NotFound,Party A,NotFound,NO,NotFound,NotFound,NotFound,NotFound,NotFound,NotFound,NotFound,NotFound,NotFound,NotFound,NotFound,NotFound,NotFound,NotFound,NotFound,Fixed Amount,10000000,NotFound,Worldwide,NO,English Law
sh_165,20060808,Societe generale,Base Bank,USD,NotFound,Party A,NotFound,No,NotFound,NotFound,NotFound,NotFound,NotFound,NotFound,NotFound,NotFound,NotFound,NotFound,NotFound,NotFound,NotFound,NotFound,NotFound,Fixed Amount,10000000,NotFound,Sydney;London;Tokyo;New York;Singapore,NO,English Law
GN14,20020729,SOCIETE GENERALE,BANK OF VADARA ,USD,NotFound,Party A,NotFound,No,1,unsecured;unsubordinated;unguaranteed,below,P-1,below,A-1,NotFound,NotFound,NotFound,NotFound,NotFound,NotFound,NotFound,NotFound,NotFound,Percentage formula,3,Shareholder's Equity,worldwide,No,The law of state of New york
GN15,20030812,SOCIETE GENERALE,DUBLIN ASSOCIATES,USD,To be selected by the Non-defaulting party or non-affected party,Party A,NotFound,No,1,unsecured;unsubordinated,below,P-1,below,A-1,below,B,Unsecured;UnSubordinated,below,Baa3,below,BBB,below,BBB+,Fixed Amount,10000000,NotFound,worldwide,No,English law
GN16,20031017,SOCIETE GENERALE,LUIZ FONZI INSTITUTION,EUR,NotFound,Party A,NotFound,No,1,unsecured;unsubordinated;unguaranteed,below,P-1,below,A-1,NotFound,NotFound,NotFound,NotFound,NotFound,NotFound,NotFound,NotFound,NotFound,Fixed Amount,10000000,NotFound,Paris,Roma,English law
GN1,20180906,SOCIETE GENERALE,DEW ASSET MANAGEMENT LLP ,EUR,NotFound,Party A,substitution calculation agent in case of default,Yes,3,unsecured;unsubordinated,below,P-1,below,A-1+,below,B,unsecured;Unsubordinated,below,Baa3,below,BBB,below,BBB+,Percentage formula,3,Shareholder's Equity,worldwide,No,English law
GN18,20050525,SOCIETE GENERALE,Bank of ABC,USD,NotFound,Party A,NotFound,No,1,unsecured;unsubordinated,below,P-1,below,A-1+,below,B,Unsecured;UnSubordinated,below,Baa3,below,BBB,below,BBB+,Fixed Amount,10000000,NotFound,No,No,The law of state of New york
GN2,20030725,SOCIETE GENERALE,MALFOY INDUSTRIES,USD,NotFound,Party A,NotFound,No,1,NotFound,NotFound,NotFound,NotFound,NotFound,NotFound,NotFound,unsecured;Unsubordinated,below,Baa3,below,BBB,below,BBB+,Percentage formula,3,Shareholder's Equity,Paris;London;Tokyo;New york,No,English law
GN5,20010621,SOCIETE GENERALE,ABC Corporation,USD,NotFound,Party A,NotFound,No,1,unsecured,below,P-1,below,A1,NotFound,NotFound,unsecured,below,A2,below,AA-,NotFound,NotFound,Fixed Amount,20000000,NotFound,worldwide,No,The law of state of New york
GN6,20030610,SOCIETE GENERALE,ABC ENERGY INC,USD,To be selected by the Non-defaulting party or non-affected party,Party A,NotFound,No,2,NotFound,NotFound,NotFound,NotFound,NotFound,NotFound,NotFound,Unsecured;Unsubordinated,below,Baa3,below,BBB,below,BBB+,Fixed Amount,10000000,NotFound,worldwide,No,The law of state of New york
GN7,20030306,SOCIETE GENERALE,MARINA BANK,USD,To be selected by the Non-defaulting party or non-affected party,Party A,NotFound,No,1,NotFound,NotFound,NotFound,NotFound,NotFound,NotFound,NotFound,senior secured;subordinated,below,Baa3,below,BBB-,below,AA+,Fixed Amount,10000000,NotFound,worldwide,Athens;London,English law
GN8,20021101,SOCIETE GENERALE,Department of State,USD,NotFound,Party A,NotFound,No,3,unsecured;unsubordinated,below,P-1,below,A-1+,below,B,unsecured;Unsubordinated,below,Baa3,below,BBB,below,BBB+,Fixed Amount,10000000,NotFound,Paris;London;Tokyo;New york,No,The law of state of New york
GN9,19990621,SG AUSTRALIA LIMITED,CABLE&WIRELESS OPTUS FINANCE PTY LIMITED,AUD,NotFound,Party A,NotFound,No,1,NotFound,NotFound,NotFound,NotFound,NotFound,NotFound,NotFound,unsecured;Unsubordinated,below,Baa3,below,BBB,below,BBB+,Fixed Amount,10000000,NotFound,No,No,The Laws in New south wales
GN10,20020807,SOCIETE GENERALE,Bruce Wane;INC,USD,NotFound,Party A,NotFound,No,1,senior unsecured;unsubordinated,below,P-1,below,A-1+,below,F1,unsecured;Unsubordinated,below,Baa3,below,BBB,below,BBB-,Fixed Amount,10000000,NotFound,New york;London,No,The law of state of New york
GN12,20030128,SOCIETE GENERALE,BANK OF VADARA,USD,To be selected by the Non-defaulting party or non-affected party,Party A,NotFound,No,1,unsecured;unsubordinated,below,P-1,below,A-1,NotFound,NotFound,NotFound,NotFound,NotFound,NotFound,NotFound,NotFound,NotFound,Fixed Amount,10000000,NotFound,worldwide,No,English law
GN20,20011123,SOCIETE GENERALE,BANK OF VADARA,USD,To be selected by the Non-defaulting party or non-affected party,Party A,NotFound,No,1,unsecured;unsubordinated,below,P-1,below,A-1+,below,B,Unsecured;UnSubordinated,below,Baa3,below,BBB,below,BBB+,Percentage formula,10000000,NotFound,Paris;London,No,English law
GN13,20020524,SOCIETE GENERALE,BANK OF VADARA,USD,To be selected by the Non-defaulting party or non-affected party,Party A,NotFound,No,3,NotFound,NotFound,NotFound,NotFound,NotFound,NotFound,NotFound,Senior Unsecured,below,A3,below,A-,below,F1,Fixed Amount,10000000,NotFound,worldwide,No,English law
cg_1,20050102,SOCIETE GENERALE,Bank of ABC,EUR,NotFound,Party A,NotFound,No,1,NotFound,NotFound,NotFound,NotFound,NotFound,NotFound,NotFound,senior unsecured;Unsubordinated,below,Ba1,below,BB+,NotFound,NotFound,Equal to a fixed amount or a Percentage formula,3,Shareholder's Equity,Amsterdam;Athens;Brussels;Dublin;Frankfurt;Guangzhou;Istanbul;Johannesburg;London;Madrid;Milan;Mumbai;New York;Seoul;Shanghai;Taipei;Tianjin;Tokyo;Vienna;Warsaw;Wuhan,No,English Law
cg_6,20050725,NEXTNEXT CO.IN.,Societe Generale,USD,To be selected by the Non-defaulting party or non-affected party,Party A,NotFound,No,3,unsecured;unsubordinated,below,P-1,below,A-1+,below,B,unsecured;Unsubordinated,below,Baa3,below,BBB,below,BBB+,Fixed Amount,10000000,NotFound,Worldwide,No,English Law
cg_7,20051216,NEXTNEXT CO.IN.,Societe Generale,USD,To be selected by the Non-defaulting party or non-affected party,Party B,third party in case of default,Yes,2,unsecured;unsubordinated,below,P-1,below,A-1+,below,B,unsecured;Unsubordinated,below,P-1,below,A-1+,below,B,Fixed Amount,10000000,NotFound,No,Paris;London,English Law
cg_8,20060301,SOCIETE GENERALE,Bank of ABC,EUR,NotFound,Party A,NotFound,No,1,unsecured,below,P-1,below,A1,NotFound,NotFound,unsecured,below,A2,below,AA-,NotFound,NotFound,Fixed Amount,30000000,NotFound,No,No,English Law
cg_10,20051216,SOCIETE GENERALE,INITECH CORPORATION,USD,To be selected by the Non-defaulting party or non-affected party,Party A,NotFound,No,1,NotFound,NotFound,NotFound,NotFound,NotFound,NotFound,NotFound,unsecured;Unsubordinated,below,Baa3,below,BBB,below,BBB+,Fixed Amount,10000000,NotFound,Worldwide,No,English Law
cg_11,20051227,SOCIETE GENERALE,ALPINE CORPORATION,USD,To be selected by the Non-defaulting party or non-affected party,Party A,NotFound,No,3,NotFound,NotFound,NotFound,NotFound,NotFound,NotFound,NotFound,Senior Unsecured,below,A3,below,A-,below,F1,NotFound,NotFound,NotFound,Worldwide,No,English Law
cg_12,20050612,SOCIETE GENERALE,WONKA INDUSTRIES,USD,To be selected by the Non-defaulting party or non-affected party,Party A,NotFound,No,3,NotFound,NotFound,NotFound,NotFound,NotFound,NotFound,NotFound,Senior Unsecured,at,A3,at,A-,at,F1,The lesser of a fixed amount or a Percentage formula,10000000,Net Asset Value,Worldwide,No,English Law
cg_13,20041028,SOCIETE GENERALE,STARK INDUSTRIES,USD,To be selected by the Non-defaulting party or non-affected party,NotFound,NotFound,NotFound,2,NotFound,NotFound,NotFound,NotFound,NotFound,NotFound,NotFound,unsecured;Unsubordinated,at,Baa2,at,BBB,NotFound,NotFound,Percentage Formula,3,Shareholder's Equity,NotFound,NotFound,NotFound
cg_14,20050512,SOCIETE GENERALE,GEKKO & CO,EUR,NotFound,Party A,NotFound,No,1,NotFound,NotFound,NotFound,NotFound,NotFound,NotFound,NotFound,unsecured;Unsubordinated,below,Baa3,below,BBB,below,BBB+,NotFound,NotFound,NotFound,No,No,Laws of England
cg_15,20051010,FORTIS CORPORATION,Societe Generale,EUR,To be selected by the Non-defaulting party or non-affected party,Party B,NotFound,No,3,Financial Strength;Subordinated,below,A2,below,A-,below,F2,NotFound,NotFound,NotFound,NotFound,NotFound,NotFound,NotFound,Fixed Amount,10000000,NotFound,No,Amsterdam;Athens;Brussels;Dublin;Frankfurt;Guangzhou;Hong Kong;Istambul;Johannesburg;London;Madrid;Milan;Mumbai;New York;Seoul;Shanghai;Singapore;Taipei;Tianjin;Tokyo;Vienna;Warsaw;Wuhan;Zurich,English Law
cg_18,20051117,SOCIETE GENERALE,CYBERDYNE CORPORATION,USD,To be selected by the Non-defaulting party or non-affected party,Party A,NotFound,No,1,unsecured,below,P-1,below,A1,NotFound,NotFound,unsecured,below,A2,below,AA-,NotFound,NotFound,Equal to a fixed amount or a Percentage formula,10000000,Net Asset Value,Worldwide,No,English Law
cg_19,20051010,SOCIETE GENERALE,GENCO PURA COMPANY,EUR,To be selected by the Non-defaulting party or non-affected party,Party A,NotFound,No,1,NotFound,NotFound,NotFound,NotFound,NotFound,NotFound,NotFound,unsecured;Unsubordinated,below,Baa3,below,BBB,below,BBB+,Fixed Amount,25000000,NotFound,Worldwide,No,English Law
gs_1,19980320,MANGO COMPANY,SOCIETE GENERALE ASSET MANAGEMENT FINANCE,USD,NotFound,Party A,non defaulting party in case of default,No,1,unsecured;unsubordinated,below,P-1,below,A-1,NotFound,NotFound,NotFound,NotFound,NotFound,NotFound,NotFound,NotFound,NotFound,Fixed Amount,40000000,NotFound,No,No,English law
gs_6,20000328,SOCIETE GENERALE,ABC Bank,USD,To be selected by the Non-defaulting party or non-affected party,Party A,NotFound,No,2,unsecured;unsubordinated,below,P-1,below,A-1+,below,B,unsecured;Unsubordinated,below,P-1,below,A-1+,below,B,Fixed Amount,10000000,NotFound,worldwide,No,English law
gs_7,19970620,SOCIETE GENERALE,PPP Bank,USD,To be selected by the Non-defaulting party or non-affected party,Party A,NotFound,No,2,NotFound,NotFound,NotFound,NotFound,NotFound,NotFound,NotFound,Unsecured;Unsubordinated,below,Baa3,below,BBB,below,BBB+,Fixed Amount,30000000,NotFound,worldwide,No,English law
gs_10,20031119,SOCIETE GENERALE,Workit Corporation LTD,USD,To be selected by the Non-defaulting party or non-affected party,Party A,NotFound,No,2,NotFound,NotFound,NotFound,NotFound,NotFound,NotFound,NotFound,Senior Unsecured,below,A,below,A,NotFound,NotFound,Percentage Formula,3,Shareholder's Equity,worldwide,No,Laws of the State of New York
gs_11,20050201,SOCIETE GENERALE,Mernia Corporation INC,USD,To be selected by the Non-defaulting party or non-affected party,Party A,NotFound,No,2,NotFound,NotFound,NotFound,NotFound,NotFound,NotFound,NotFound,Unsecured;Unsubordinated,below,Baa3,below,BBB,below,BBB+,Fixed Amount,10000000,NotFound,worldwide,No,Laws of the State of New York
gsss_5,20080503,Societe Generale,Tack Fund INC,USD,NotFound,Party A,NotFound,No,1,NotFound,NotFound,NotFound,NotFound,NotFound,NotFound,NotFound,Unsecured;Unsubordinated,Below,Baa3,Below,BBB-,NotFound,NotFound,Percentage Formula,3,Shareholder's Equity,Worldwide,No,Laws of the state of new york
gsss_6,19950601,Societe Generale,Tack Fund INC,USD,To be selected by the Non-defaulting party or non-affected party,Party A,NotFound,No,2,NotFound,NotFound,NotFound,NotFound,NotFound,NotFound,NotFound,Unsecured;Unsubordinated,below,Baa3,below,BBB,below,BBB+,Percentage Formula,3,Shareholder's Equity,Worldwide,No,Laws of the state of new york
sr25,20061116,SOCIETE GENERALE,PORTGE BA,USD,NotFound,Party A,NotFound,No,2,unsecured;unsubordinated,below,P-1,below,A-1+,below,B,unsecured;Unsubordinated,below,P-1,below,A-1+,below,B,Fixed Amount,10000000,NotFound,worldwide,No,English law
sr30,20051222,SOCIETE GENERALE,CITY bank private limited,USD,NotFound,Party A,other in case of dispute,Yes,1,NotFound,NotFound,NotFound,NotFound,NotFound,NotFound,NotFound,Senior Unsecured,below,Baa2,below,BBB,NotFound,NotFound,The lesser of a fixed amount or a Percentage formula,150000000,Shareholder's Equity,London;New York;Sydney;tokyo;paris,No,Laws of the State of New York
sr19,20060721,SOCIETE GENERALE,SG Social cgs com,USD,NotFound,Party A,NotFound,No,1,senior Secured;unsubordinated,below,P-1,below,A-1,below,F1+,senior unsecured;unsubordinated ,below,Baa3,below,BBB-,below,AA+,Equal to a fixed amount or a Percentage formula,3,Shareholder's Equity,worldwide,No,Laws of the State of New York
sr31,20051228,SOCIETE GENERALE,CESAN MULTI STRATEGY;COM LTD,EUR,NotFound,Party A,NotFound,No,2,NotFound,NotFound,NotFound,NotFound,NotFound,NotFound,NotFound,unsecured;unsubordinated,below,Baa1,below,BBB+,NotFound,NotFound,Percentage Formula,3,Shareholder's Equity,worldwide,Athens,English law
sr23,20060619,SOCIETE GENERALE,ABC Honkkong,USD,To be selected by the Non-defaulting party or non-affected party,Party A,NotFound,No,NotFound,NotFound,NotFound,NotFound,NotFound,NotFound,NotFound,NotFound,NotFound,NotFound,NotFound,NotFound,NotFound,NotFound,NotFound,Fixed Amount,10000000,NotFound,worldwide,No,English law
sr24,20060711,SOCIETE GENERALE,RBK Management;Legal Services,EUR,NotFound,Party A,other in case of dispute,yes,2,unsecured;unsubordinated,below,P-1,below,A-1+,below,B,unsecured;Unsubordinated,below,P-1,below,A-1+,below,B,Percentage Formula,3,Shareholder's Equity,Paris;London;New York;Tokyo,No,English law
sr21,20061013,SOCIETE GENERALE,CITY bank private limited,EUR,NotFound,Party A,NotFound,No,1,NotFound,NotFound,NotFound,NotFound,NotFound,NotFound,NotFound,senior secured;subordinated,below,Baa3,below,BBB-,below,AA+,Fixed Amount,10000000,NotFound,No,No,Laws of England
sr20,20071101,SOCIETE GENERALE,PORTGE BA,USD,NotFound,Party A,NotFound,No,2,NotFound,NotFound,NotFound,NotFound,NotFound,NotFound,NotFound,Unsecured;Unsubordinated,below,Baa3,below,BBB,below,BBB+,Fixed Amount,10000000,NotFound,worldwide,No,English law
sr32,20060112,SOCIETE GENERALE,SG market ltd,USD,NotFound,Party A,third party in case of default,Yes,1,NotFound,NotFound,NotFound,NotFound,NotFound,NotFound,NotFound,unsecured;unsubordinated,below,Baa1,below,BBB+,NotFound,NotFound,Percentage Formula,3,Shareholder's Equity,worldwide,No,English law
sr18,20040618,SOCIETE GENERALE,BAAS PRO COMPANY,EUR,NotFound,Party A,NotFound,No,1,senior Secured;unsubordinated,below,P-1,below,A-1,below,F1+,senior unsecured;unsubordinated ,below,Baa3,below,BBB-,below,AA+,Fixed Amount,15000000,NotFound,worldwide,Stockholm,English law
sr28,20061221,SOCIETE GENERALE,HIGHSCI LTD,EUR,NotFound,Party A,NotFound,No,NotFound,Unsecured;Unguaranteed;Unsubordinated,NotFound,NotFound,NotFound,NotFound,NotFound,NotFound,NotFound,NotFound,NotFound,NotFound,NotFound,NotFound,NotFound,Fixed Amount,10000000,NotFound,worldwide,No,English law
sr17,20060620,SOCIETE GENERALE,RBK Management,USD,To be selected by the Non-defaulting party or non-affected party,Party A,NotFound,No,1,senior Secured;unsubordinated,below,P-1,below,A-1,below,F1+,senior unsecured;unsubordinated ,below,Baa3,below,BBB-,below,AA+,Fixed Amount,10000000,NotFound,worldwide,Aletti Gestielle,English law
sr16,20060829,SOCIETE GENERALE,SOCIETE SYSTEM PRI LTD,USD,NotFound,Party A,NotFound,No,2,unsecured;unsubordinated,below,P-1,below,A-1+,below,B,unsecured;Unsubordinated,below,P-1,below,A-1+,below,B,Fixed Amount,10000000,NotFound,worldwide,Taipei,English law
sr15,20030303,CESAN MULTI STRATEGY;COM LTD,SOCIETE GENERALE,EUR,To be selected by the Non-defaulting party or non-affected party,Party B,NotFound,No,2,unsecured;unsubordinated,below,P-1,below,A-1+,below,B,unsecured;Unsubordinated,below,P-1,below,A-1+,below,B,Percentage Formula,3,Net Asset Value,No,Paris;London;New York;Tokyo;Singapore;Hong Kong and Frankfurt offices,English law
sr14,20030303,CITY bank private limited,SOCIETE GENERALE,EUR,To be selected by the Non-defaulting party or non-affected party,Party B,NotFound,No,2,unsecured;unsubordinated,below,P-1,below,A-1+,below,B,unsecured;Unsubordinated,below,P-1,below,A-1+,below,B,Percentage Formula,3,Net Asset Value,No,Paris;London;New York;Tokyo;Singapore;Hong Kong;Frankfurt,English law
sr13,20061120,SOCIETE GENERALE,TATA COMPANY LTD,USD,To be selected by the Non-defaulting party or non-affected party,Party A,NotFound,No,2,NotFound,NotFound,NotFound,NotFound,NotFound,NotFound,NotFound,Unsecured;Unsubordinated,below,Baa3,below,BBB,below,BBB+,Fixed Amount,10000000,NotFound,Paris;Amsterdam;Bangkok;Beijing;Brussels;Chicago;Dallas;Frankfurt;Grand Cayman;Greenwich;Guangzhou;Hong-Kong;Istanbul;Jakarta;Johannesburg;Labuan;London;Madrid;Manila;Milan;Montreal;Moscow;Mumbai;New York;Panama;Seoul;Shanghai;Singapore;Stockholm;Sydney;Taipei;Tianjin;Tokyo;Vienna;Warsaw;Wuhan;Zurich,No,English law
sr12,20051013,RBK Management,CITY bank private limited,USD,NotFound,Party A,NotFound,No,2,NotFound,NotFound,NotFound,NotFound,NotFound,NotFound,NotFound,Unsecured;Unsubordinated,below,Baa3,below,BBB,below,BBB+,Equal to a fixed amount or a Percentage formula,10000000,NotFound,No,No,English law
GNS4,20070529,SOCIETE GENERALE,Each party names as a Fund Counterparty,USD,NotFound,Party A,Substitution calculation agent in case of dispute,Yes,1,NotFound,NotFound,NotFound,NotFound,NotFound,NotFound,NotFound,unsecured;unsubordinated,below,Baa3,below,BBB-,NotFound,NotFound,Percentage Formula,3,Shareholder's Equity,worldwide,No,Laws of England and Wales
GNS1,20071219,SOCIETE GENERALE,BANK OF VADARA,USD,NotFound,Party A,NotFound,No,1,NotFound,NotFound,NotFound,NotFound,NotFound,NotFound,NotFound,unsecured;Unsubordinated,below,Baa3,below,BBB,below,BBB+,Equal to a fixed amount or a Percentage formula,3,Shareholder's Equity,worldwide,No,Laws of the State of New York
GNS2,20071129,SOCIETE GENERALE,BANK OF VADARA,USD,To be selected by the Non-defaulting party or non-affected party,Party A,NotFound,No,3,unsecured;unsubordinated,below,P-1,below,A-1+,below,B,unsecured;Unsubordinated,below,Baa3,below,BBB,below,BBB+,Percentage Formula,3,Shareholder's Equity,Paris;amsterdam;Bangkok;Beijing;Brussels;Chicago;Dallas;Frankfurt;Grand Cayman;Greenwich;Guangzhou;Hong Kong;Istanbul;Jakarta;Johannesburg;Labuan;London;Madrid;Manila;Milan;Montreal;Moscow;Mumbai;New York;Panama;Seoul;Shanghai;Singapore;Stockholm;Sydney;Taipei;Tianjin;Tokyo;Warszawa;Wien;Wuhan;Zurich Offices,London;Milan;Zurich;Paris,English law
GNS3,20071119,SOCIETE GENERALE,BANK OF VADARA,USD,NotFound,Party A,NotFound,No,1,NotFound,NotFound,NotFound,NotFound,NotFound,NotFound,NotFound,unsecured;Unsubordinated,below,Baa3,below,BBB,below,BBB+,Fixed Amount,10000000,NotFound,worldwide,No,English law
GNS5,20080301,SOCIETE GENERALE,DOSTON PVT LIMITED,USD,NotFound,Party A, substitution calculation agent in case of dispute,Yes,3,NotFound,NotFound,NotFound,NotFound,NotFound,NotFound,NotFound,unsecured;Unsubordinated,below,Baa3,below,BBB-,below,BBB-,Fixed Amount,10000000,NotFound,Paris;New York and London offices,No,English law
sr1,20050923,SOCIETE GENERALE,CRUSTY CORPORATION,EUR,To be selected by the Non-defaulting party or non-affected party,Party A,substitution calculation agent in case of dispute;other in case of dispute,Yes,1,senior Secured;unsubordinated,below,P-1,below,A-1,below,F1+,senior unsecured;unsubordinated ,below,Baa3,below,BBB-,below,AA+,Percentage Formula,3,Shareholder's Equity,Amsterdam;Brussels;Dublin;Frankfurt;Halandri;Hong Kong;Johannesburg;Labuan;London;Madrid;Milan;New York;and Vienna offices,No,English law
sr29,20060103,SOCIETE GENERALE,STRELIN COOPER COMPANY,USD,NotFound,Party A,third party in case of default;substitution calculation agent in case of dispute ,Yes,1,NotFound,NotFound,NotFound,NotFound,NotFound,NotFound,NotFound,Unsecured;Senior,below,Baa3,below,BBB-,NotFound,NotFound,Fixed Amount,50000000,NotFound,worldwide,No,Laws of the State of New York
sr3,20060202,SOCIETE GENERALE,BETASOLIN INDUSTRIES,USD,To be selected by the Non-defaulting party or non-affected party,Party A,NotFound,No,3,Financial Strength;Subordinated,below,A2,below,A-,below,F2,NotFound,NotFound,NotFound,NotFound,NotFound,NotFound,NotFound,Fixed Amount,10000000,NotFound,worldwide,NotFound,English law
sr7,20050806,SOCIETE GENERALE,Bank of ABC Honkkong,USD,NotFound,Party A, non defaulting party in case of default ,No,3,Financial Strength;Subordinated,below,A2,below,A-,below,F2,NotFound,NotFound,NotFound,NotFound,NotFound,NotFound,NotFound,NotFound,NotFound,NotFound,worldwide,No,Laws of the State of New York
sr27,20060106,AB corporation;south america inc,SOCIETE GENERALE,USD,NotFound,Party B,third party in case of default,No,1,NotFound,NotFound,NotFound,NotFound,NotFound,NotFound,NotFound,Unsecured;unsubordinated,At,Aa3,At,AA-,NotFound,NotFound,Percentage Formula,1,Shareholder's Equity,No,New York,Laws of the State of New York
sr9,20060811,SOCIETE GENERALE,RBK Management;Legal Services,USD,To be selected by the Non-defaulting party or non-affected party,Party A,NotFound,No,2,NotFound,NotFound,NotFound,NotFound,NotFound,NotFound,NotFound,Unsecured;Unsubordinated,below,Baa3,below,BBB,below,BBB+,NotFound,NotFound,NotFound,worldwide,No,English law
sr8,20061116,SOCIETE GENERALE,CESAN MULTI STRATEGY COM LTD,USD,To be selected by the Non-defaulting party or non-affected party,Party A,NotFound,No,2,unsecured;unsubordinated,below,P-1,below,A-1+,below,B,unsecured;Unsubordinated,below,P-1,below,A-1+,below,B,Percentage Formula,5,Shareholder's Equity,worldwide,No,English law
sr10,20070202,SOCIETE GENERALE,A SIMP AND CLN COMP,USD,NotFound,Party A,NotFound,No,1,senior Secured;unsubordinated,below,P-1,below,A-1,below,F1+,senior unsecured;unsubordinated ,below,Baa3,below,BBB-,below,AA+,Percentage Formula,3,Net Asset Value,worldwide,No,English law
sr11,20070326,SOCIETE GENERALE,A BRND NEW PRVT LTD,USD,NotFound,Party A,NotFound,No,2,unsecured;unsubordinated,below,P-1,below,A-1+,below,B,unsecured;Unsubordinated,below,P-1,below,A-1+,below,B,Fixed Amount,10000000,NotFound,worldwide,No,English law
ch1,20070222,SOCIETE GENERALE,ABC AND CO LTD,GBP,NotFound,Party A,NotFound,No,3,NotFound,NotFound,NotFound,NotFound,NotFound,NotFound,NotFound,Senior Unsecured,below,A3,below,A-,below,F1,Percentage Formula,3,Shareholder's Equity,Paris;London;New York,No,Laws of England
ch3,20071004,SOCIETE GENERALE,THATS THE NAME CO LTD,USD,NotFound,Party A,NotFound,No,3,unsecured;unsubordinated,below,P-1,below,A-1+,below,B,unsecured;Unsubordinated,below,Baa3,below,BBB,below,BBB+,Equal to a fixed amount or a Percentage formula,3,Shareholder's Equity,worldwide,No,Laws of the State of New York
ch4,20070105,SOCIETE GENERALE,NO NAME BRAND LTD,USD,To be selected by the Non-defaulting party or non-affected party,Party A,NotFound,Yes,1,Unsecured,below,P-1,below,A1,NotFound,NotFound,Unsecured,below,A2,below,AA-,NotFound,NotFound,Equal to a fixed amount or a Percentage formula,3,Shareholder's Equity,London;Montreal;New York;Sydney;Tokyo;Paris,No,Laws of the State of New York
aa_1,20160919,SOCIETE GENERALE,COCO AGRI PVT. LTD,EUR,NotFound,Party A,NotFound,no,NotFound,NotFound,NotFound,NotFound,NotFound,NotFound,NotFound,NotFound,NotFound,NotFound,NotFound,NotFound,NotFound,NotFound,NotFound,Equal to a fixed amount or a Percentage formula,3,Shareholder's Equity,Worldwide,Singpore,English Law
aa_2,20160801,SOCIETE GENERALE,NEW MEG FUNDS,USD,NotFound,Party A,third party in case of default,no,1,NotFound,NotFound,NotFound,NotFound,NotFound,NotFound,NotFound,Unsecured;Unsubordinated,below,Baa3,below,BBB-,NotFound,NotFound,Equal to a fixed amount or a Percentage formula,3,Shareholder's Equity,Paris;London;Montreal;New York;Tokyo,No,Laws of the State of New York
aa_3,19960705,SOCIETE GENERALE,Company ABC,USD,To be selected by the Non-defaulting party or non-affected party,Party A,NotFound,no,NotFound,NotFound,NotFound,NotFound,NotFound,NotFound,NotFound,NotFound,NotFound,NotFound,NotFound,NotFound,NotFound,NotFound,NotFound,Fixed Amount,25000000,NotFound,Worldwide,No,Laws of the State of New York
aa_4,19950320,SOCIETE GENERALE,Company ABC,USD,To be selected by the Non-defaulting party or non-affected party,Party A,NotFound,no,NotFound,NotFound,NotFound,NotFound,NotFound,NotFound,NotFound,NotFound,NotFound,below,Baa1,below,BBB+,NotFound,NotFound,Fixed Amount,20000000,NotFound,London;New York;Tokyo,No,Laws of the State of New York
aa_6,19980325,THE HONGKONG AND SHANGHAI BANKING CORPORATION LIMITED,COMPANY ABC,USD,NotFound,Other,NotFound,no,NotFound,NotFound,NotFound,NotFound,NotFound,NotFound,NotFound,NotFound,NotFound,NotFound,NotFound,NotFound,NotFound,NotFound,NotFound,Fixed Amount,10000000,NotFound,Londn;HongKong;Tokyo;Singapore,Paris;London;New York;Tokyo;Singapore;Frankfurt;HongKong;Amsterdam;Brussels,English Law
aa_8,20130926,SOCIETE GENERALE,Bank of ABC,USD,To be selected by the Non-defaulting party or non-affected party,Party A,non defaulting party in case of default,yes,1,NotFound,below,P-2,below,A-2,NotFound,NotFound,Senior Unsecured,below,Baa1,below,BBB+,NotFound,NotFound,Equal to a fixed amount or a Percentage formula,200000000,NotFound,Paris;Amsterdam;Athens;Bangkok;Brussels;Dublin;Frankfurt;Hong Kong;Istanbul;Johannesburg;Labuan;London;Madrid;Manila;Milan;Montral;Mumbai;New York;Seoul;Singapore;Sydney;Taipei;Tokyo;Vienna;Warsaw;Zurich,No,English Law
aa_10,20180906,SOCIETE GENERALE,Bank of ABC,EUR,NotFound,Party A,substitution calculation agent in case of default,yes,NotFound,NotFound,NotFound,NotFound,NotFound,NotFound,NotFound,NotFound,NotFound,NotFound,NotFound,NotFound,NotFound,NotFound,NotFound,Equal to a fixed amount or a Percentage formula,3,Shareholder's Equity,worldwide,No,English Law
aa_11,20021216,SOCIETE GENERALE,Bank of ABC,USD,To be selected by the Non-defaulting party or non-affected party,Party A,NotFound,no,1,NotFound,NotFound,NotFound,NotFound,NotFound,NotFound,NotFound,Senior Unsecured,below,Baa3,below,BBB-,NotFound,NotFound,The lesser of a fixed amount or a Percentage formula,3;100000000,Shareholder's Equity,New York,No,Laws of the State of New York
aa_12,20031010,SOCIETE GENERALE,Bank of ABC,EUR,To be selected by the Non-defaulting party or non-affected party,Party A,NotFound,no,1,NotFound,NotFound,NotFound,NotFound,NotFound,NotFound,NotFound,Unsecured;Unsubordinated,at,Baa1,at,BBB+,NotFound,NotFound,Fixed Amount,50000000,NotFound,worldwide,No,Laws of England
aa_13,20040820,SOCIETE GENERALE,Bank of ABC,USD,NotFound,Party A,third party in case of default,no,1,NotFound,NotFound,NotFound,NotFound,NotFound,NotFound,NotFound,Unsecured;Unsubordinated,below,A3,below,A-,NotFound,NotFound,Equal to a fixed amount or a Percentage formula,1,Shareholder's Equity,worldwide,No,Laws of the State of New York
aa_14,20000211,SOCIETE GENERALE,ACME CORPORATION,USD,To be selected by the Non-defaulting party or non-affected party,Other,NotFound,no,NotFound,NotFound,NotFound,NotFound,NotFound,NotFound,NotFound,NotFound,NotFound,NotFound,NotFound,NotFound,NotFound,NotFound,NotFound,Fixed Amount,10000000,NotFound,Worldwide,No,English Law
aa_15,19991001,SOCIETE GENERALE,GLOBEX CORPORATION,USD,To be selected by the Non-defaulting party or non-affected party,Party A,third party in case of default,no,NotFound,NotFound,NotFound,NotFound,NotFound,NotFound,NotFound,NotFound,NotFound,NotFound,NotFound,NotFound,NotFound,NotFound,NotFound,Equal to a fixed amount or a Percentage formula,3,Shareholder's Equity,Paris;London;New York;Sydney,No,English Law
aa_16,20070427,SOCIETE GENERALE,Bank of ABC,USD,NotFound,Party A,third party in case of default,no,1,NotFound,NotFound,NotFound,NotFound,NotFound,NotFound,NotFound,NotFound,below,Baa3,below,BBB-,below,BBB-,Percentage Formula,5,Shareholder's Equity,Paris,No,Laws of the State of New York
aa_19,20070517,SOCIETE GENERALE,HARVEN GGUJS,USD,NotFound,Party A,third party in case of default,no,1,NotFound,NotFound,NotFound,NotFound,NotFound,NotFound,NotFound,Unsecured;Unsubordinated,below,Baa3,below,BBB-,NotFound,NotFound,Equal to a fixed amount or a Percentage formula,3,Shareholder's Equity,New York;London,No,Laws of the State of New York
aa_20,20141219,SOCIETE GENERALE,EACH OF THE PARTIES LISTED ON EXHIBIT A HERETO separately and not jointly,USD,NotFound,Party A,non defaulting party in case of default,yes,3,NotFound,NotFound,NotFound,NotFound,NotFound,NotFound,NotFound,Senior,at,Baa3,at,BBB-,at,BBB-,Equal to a fixed amount or a Percentage formula,3,Shareholder's Equity,Paris Head Office;New York ,No,Laws of the State of New York
aa_21,20180322,SOCIETE GENERALE,DNA FUND,USD,NotFound,Party A,substitution calculation agent in case of default,no,NotFound,NotFound,NotFound,NotFound,NotFound,NotFound,NotFound,NotFound,NotFound,NotFound,NotFound,NotFound,NotFound,NotFound,NotFound,Equal to a fixed amount or a Percentage formula,3,Shareholder's Equity,worldwide,No,English Law
aa_22,20160622,SOCIETE GENERALE,SHIVAJI HOTELS,EUR,NotFound,Party A,NotFound,no,NotFound,NotFound,NotFound,NotFound,NotFound,NotFound,NotFound,NotFound,NotFound,NotFound,NotFound,NotFound,NotFound,NotFound,NotFound,Equal to a fixed amount or a Percentage formula,3,Shareholder's Equity,Paris;London,No,English Law
aa_27,20030115,SOCIETE GENERALE,Bank A,USD,NotFound,Party A,non defaulting party in case of default,no,NotFound,NotFound,NotFound,NotFound,NotFound,NotFound,NotFound,NotFound,NotFound,NotFound,NotFound,NotFound,NotFound,NotFound,NotFound,Fixed Amount,50000000,NotFound,NotFound,NotFound,Laws of the State of New York
aa_29,20071025,SOCIETE GENERALE,SIKOON INDIA PVT LTD,USD,NotFound,Party A,NotFound,No,NotFound,NotFound,NotFound,NotFound,NotFound,NotFound,NotFound,NotFound,NotFound,NotFound,NotFound,NotFound,NotFound,NotFound,NotFound,Equal to a fixed amount or a Percentage formula,3,Shareholder's Equity,worldwide,No,English Law
